{
	"editor": {
		"backDropShape": "LoP-Carcha/assets/carcharodontosauridae/shapes/entity/land/carcharodontosauridae/giganotosaurus/adult",
		"collapsedPaths": "Root/Leather square center,Root/main/Cube15,Root/main/Cube18,Root/Center/Strap Main2/Main strap top R2,Root/main/Cube9,Root/Main Saddle bottom,Root/Mainstrap  bulge  L,Root/main/Cube20,Root/Leather square center2,Root,Root/Strap Main/Main strap top L,Root/Center/Strap Main/Main strap top L/Ring L,Root/Strap Main/Main strap top R,Root/Strap Main2,Root/main,Root/Strap Main2/Main strap top L2,Root/Strap Main,Root/Leather square center/Leather square center L,Root/Center/Bar,Root/Center/Cube2,Root/Center/Strap Main2/Main strap top L2,Root/Ring L,Root/Ring R,Root/Main strap bottom L2,Root/Main strap top R,Root/Leather square center/Leather square center L9,Root/Main strap bottom L,Root/Main strap top L,Root/Leather square center2/Leather square center L3,Root/Center/Strap Main/Main strap top L6,Root/Center/Strap Main/Main strap top L2,Root/Center/Cube12,Root/Center/Cube15,Root/Center/Cube18,Root/Main Saddle bottom/Saddle Back In,Root/main/Cube12",
		"allAngles": true,
		"entityTextureMode": false
	},
	"textureWidth": 16,
	"textureHeight": 16,
	"textureSizes": {
	},
	"textures": {
	},
	"elements": [
		{
			"name": "Main",
			"stepParentName": "Head",
			"from": [ 41.0, -54.0, -1.6 ],
			"to": [ 41.0, -54.0, -1.6 ],
			"rotationOrigin": [ 29.0, 11.0, 6.4 ],
			"faces": {
				"north": { "texture": "#plain", "uv": [ 0.0, 0.0, 0.5, 0.5 ] },
				"east": { "texture": "#plain", "uv": [ 0.0, 0.0, 0.5, 0.5 ] },
				"south": { "texture": "#plain", "uv": [ 0.0, 0.0, 0.5, 0.5 ] },
				"west": { "texture": "#plain", "uv": [ 0.0, 0.0, 0.5, 0.5 ] },
				"up": { "texture": "#plain", "uv": [ 0.0, 0.0, 0.5, 0.5 ] },
				"down": { "texture": "#plain", "uv": [ 0.0, 0.0, 0.5, 0.5 ] }
			},
			"children": [
				{
					"name": "Strap Main",
					"from": [ -48.2, 73.3, 5.3 ],
					"to": [ -48.2, 73.3, 5.3 ],
					"rotationOrigin": [ -43.6, 66.8, 9.2 ],
					"faces": {
						"north": { "texture": "#plain", "uv": [ 0.0, 0.0, 0.5, 0.5 ], "autoUv": false },
						"east": { "texture": "#plain", "uv": [ 0.0, 0.0, 0.5, 0.5 ], "autoUv": false },
						"south": { "texture": "#plain", "uv": [ 0.0, 0.0, 0.5, 0.5 ], "autoUv": false },
						"west": { "texture": "#plain", "uv": [ 0.0, 0.0, 0.5, 0.5 ], "autoUv": false },
						"up": { "texture": "#plain", "uv": [ 0.0, 0.0, 0.5, 0.5 ], "autoUv": false },
						"down": { "texture": "#plain", "uv": [ 0.0, 0.0, 0.5, 0.5 ], "autoUv": false }
					},
					"children": [
						{
							"name": "Main strap top L",
							"from": [ 3.3, -5.2, 8.7 ],
							"to": [ 5.9, -3.9, 9.4 ],
							"rotationOrigin": [ 3.3, -5.2, 8.7 ],
							"rotationX": 3.0,
							"faces": {
								"north": { "texture": "#plain", "uv": [ 0.0, 0.0, 4.0, 2.0 ], "autoUv": false },
								"east": { "texture": "#plain", "uv": [ 0.0, 0.0, 1.0, 2.0 ], "autoUv": false },
								"south": { "texture": "#plain", "uv": [ 0.0, 0.0, 4.0, 2.0 ], "autoUv": false },
								"west": { "texture": "#plain", "uv": [ 0.0, 0.0, 1.0, 2.0 ], "autoUv": false },
								"up": { "texture": "#plain", "uv": [ 0.0, 0.0, 4.0, 1.0 ], "autoUv": false },
								"down": { "texture": "#plain", "uv": [ 0.0, 0.0, 4.0, 1.0 ], "autoUv": false }
							},
							"children": [
								{
									"name": "Strap bulge L",
									"from": [ 0.0, -0.2, -0.3 ],
									"to": [ 2.6, 0.8, 1.0 ],
									"rotationOrigin": [ 0.0, -0.2, -0.3 ],
									"faces": {
										"north": { "texture": "#plain", "uv": [ 0.0, 0.0, 4.0, 1.5 ], "autoUv": false },
										"east": { "texture": "#plain", "uv": [ 0.0, 0.0, 2.0, 1.5 ], "autoUv": false },
										"south": { "texture": "#plain", "uv": [ 0.0, 0.0, 4.0, 1.5 ], "autoUv": false },
										"west": { "texture": "#plain", "uv": [ 0.0, 0.0, 2.0, 1.5 ], "autoUv": false },
										"up": { "texture": "#plain", "uv": [ 0.0, 0.0, 4.0, 2.0 ], "autoUv": false },
										"down": { "texture": "#plain", "uv": [ 0.0, 0.0, 4.0, 2.0 ], "autoUv": false }
									}
								},
								{
									"name": "Ring L",
									"from": [ -0.3, 0.0, 0.0 ],
									"to": [ 3.0, 0.7, 0.7 ],
									"rotationOrigin": [ -0.3, 0.0, 0.3 ],
									"faces": {
										"north": { "texture": "#steel", "uv": [ 0.0, 0.0, 5.0, 1.0 ], "autoUv": false },
										"east": { "texture": "#steel", "uv": [ 0.0, 0.0, 1.0, 1.0 ], "autoUv": false },
										"south": { "texture": "#steel", "uv": [ 6.0, 7.5, 11.0, 8.5 ], "autoUv": false },
										"west": { "texture": "#steel", "uv": [ 0.0, 0.0, 1.0, 1.0 ], "autoUv": false },
										"up": { "texture": "#steel", "uv": [ 0.0, 0.0, 5.0, 1.0 ], "autoUv": false },
										"down": { "texture": "#steel", "uv": [ 0.0, 0.0, 5.0, 1.0 ], "autoUv": false }
									},
									"children": [
										{
											"name": "Ring L1",
											"from": [ 3.3, -2.6, 0.0 ],
											"to": [ 3.9, 0.0, 0.7 ],
											"rotationOrigin": [ 3.3, -2.6, 0.3 ],
											"faces": {
												"north": { "texture": "#steel", "uv": [ 0.0, 0.0, 1.0, 4.0 ], "autoUv": false },
												"east": { "texture": "#steel", "uv": [ 0.0, 0.0, 1.0, 4.0 ], "autoUv": false },
												"south": { "texture": "#steel", "uv": [ 0.0, 0.0, 1.0, 4.0 ], "autoUv": false },
												"west": { "texture": "#steel", "uv": [ 0.0, 0.0, 1.0, 4.0 ], "autoUv": false },
												"up": { "texture": "#steel", "uv": [ 0.0, 0.0, 1.0, 1.0 ], "autoUv": false },
												"down": { "texture": "#steel", "uv": [ 0.0, 0.0, 1.0, 1.0 ], "autoUv": false }
											}
										},
										{
											"name": "Ring L2",
											"from": [ -0.6, -2.6, 0.0 ],
											"to": [ 0.1, 0.0, 0.7 ],
											"rotationOrigin": [ -0.6, -2.6, 0.3 ],
											"faces": {
												"north": { "texture": "#steel", "uv": [ 0.0, 0.0, 1.0, 4.0 ], "autoUv": false },
												"east": { "texture": "#steel", "uv": [ 0.0, 0.0, 1.0, 4.0 ], "autoUv": false },
												"south": { "texture": "#steel", "uv": [ 0.0, 0.0, 1.0, 4.0 ], "autoUv": false },
												"west": { "texture": "#steel", "uv": [ 0.0, 0.0, 1.0, 4.0 ], "autoUv": false },
												"up": { "texture": "#steel", "uv": [ 0.0, 0.0, 1.0, 1.0 ], "autoUv": false },
												"down": { "texture": "#steel", "uv": [ 0.0, 0.0, 1.0, 1.0 ], "autoUv": false }
											}
										},
										{
											"name": "Ring L3",
											"from": [ 0.0, -3.2, 0.0 ],
											"to": [ 3.3, -2.6, 0.7 ],
											"rotationOrigin": [ 0.0, -3.2, 0.3 ],
											"faces": {
												"north": { "texture": "#steel", "uv": [ 0.0, 0.0, 5.0, 1.0 ], "autoUv": false },
												"east": { "texture": "#steel", "uv": [ 0.0, 0.0, 1.0, 1.0 ], "autoUv": false },
												"south": { "texture": "#steel", "uv": [ 5.5, 7.0, 10.5, 8.0 ], "autoUv": false },
												"west": { "texture": "#steel", "uv": [ 0.0, 0.0, 1.0, 1.0 ], "autoUv": false },
												"up": { "texture": "#steel", "uv": [ 5.5, 7.5, 10.5, 8.5 ], "autoUv": false },
												"down": { "texture": "#steel", "uv": [ 0.0, 0.0, 5.0, 1.0 ], "autoUv": false }
											}
										}
									]
								},
								{
									"name": "Main strap bottom L",
									"from": [ 0.0, -13.6, 0.0 ],
									"to": [ 2.6, -2.5, 0.7 ],
									"rotationOrigin": [ 0.0, -13.6, 0.0 ],
									"faces": {
										"north": { "texture": "#plain", "uv": [ 0.0, 0.0, 4.0, 17.0 ], "autoUv": false },
										"east": { "texture": "#plain", "uv": [ 0.0, 0.0, 1.0, 16.0 ], "autoUv": false },
										"south": { "texture": "#plain", "uv": [ 0.0, 0.0, 16.0, 4.0 ], "rotation": 90, "autoUv": false },
										"west": { "texture": "#plain", "uv": [ 0.0, 0.0, 1.0, 16.0 ], "autoUv": false },
										"up": { "texture": "#plain", "uv": [ 0.0, 0.0, 4.0, 1.0 ], "autoUv": false },
										"down": { "texture": "#plain", "uv": [ 0.0, 0.0, 4.0, 1.0 ], "autoUv": false }
									},
									"children": [
										{
											"name": "Mainstrap  bulge  L",
											"from": [ 0.0, 10.2, -0.3 ],
											"to": [ 2.6, 11.2, 1.0 ],
											"rotationOrigin": [ 0.0, 10.2, -0.3 ],
											"faces": {
												"north": { "texture": "#plain", "uv": [ 0.0, 0.0, 4.0, 1.5 ], "autoUv": false },
												"east": { "texture": "#plain", "uv": [ 0.0, 0.0, 2.0, 1.5 ], "autoUv": false },
												"south": { "texture": "#plain", "uv": [ 0.0, 0.0, 4.0, 1.5 ], "autoUv": false },
												"west": { "texture": "#plain", "uv": [ 0.0, 0.0, 2.0, 1.5 ], "autoUv": false },
												"up": { "texture": "#plain", "uv": [ 0.0, 0.0, 4.0, 2.0 ], "autoUv": false },
												"down": { "texture": "#plain", "uv": [ 0.0, 0.0, 4.0, 2.0 ], "autoUv": false }
											}
										},
										{
											"name": "Mainstrap  bulge  L1",
											"from": [ 0.0, -4.8, -1.2 ],
											"to": [ 2.6, 0.5, -0.6 ],
											"rotationOrigin": [ 0.0, -1.6, -0.5 ],
											"rotationX": 36.0,
											"faces": {
												"north": { "texture": "#plain", "uv": [ 0.0, 0.0, 4.0, 5.0 ], "autoUv": false },
												"east": { "texture": "#plain", "uv": [ 0.0, 0.0, 1.0, 5.0 ], "autoUv": false },
												"south": { "texture": "#plain", "uv": [ 0.0, 0.0, 5.0, 4.0 ], "rotation": 90, "autoUv": false },
												"west": { "texture": "#plain", "uv": [ 0.0, 0.0, 1.0, 5.0 ], "autoUv": false },
												"up": { "texture": "#plain", "uv": [ 0.0, 0.0, 4.0, 1.0 ], "autoUv": false },
												"down": { "texture": "#plain", "uv": [ 0.0, 0.0, 4.0, 1.0 ], "autoUv": false }
											}
										}
									]
								}
							]
						},
						{
							"name": "Main strap top L2",
							"from": [ 3.3, -4.2, 8.7 ],
							"to": [ 5.9, 0.2, 9.4 ],
							"rotationOrigin": [ 3.3, -4.2, 8.7 ],
							"rotationX": 6.0,
							"rotationZ": -19.0,
							"faces": {
								"north": { "texture": "#plain", "uv": [ 0.0, 0.0, 4.0, 2.0 ], "autoUv": false },
								"east": { "texture": "#plain", "uv": [ 0.0, 0.0, 1.0, 2.0 ], "autoUv": false },
								"south": { "texture": "#plain", "uv": [ 0.0, 0.0, 4.0, 2.0 ], "autoUv": false },
								"west": { "texture": "#plain", "uv": [ 0.0, 0.0, 1.0, 2.0 ], "autoUv": false },
								"up": { "texture": "#plain", "uv": [ 0.0, 0.0, 4.0, 1.0 ], "autoUv": false },
								"down": { "texture": "#plain", "uv": [ 0.0, 0.0, 4.0, 1.0 ], "autoUv": false }
							},
							"children": [
								{
									"name": "Main strap top L3",
									"from": [ 0.0, 4.3, 0.0 ],
									"to": [ 2.6, 6.6, 0.7 ],
									"rotationOrigin": [ 0.0, 4.3, 0.6 ],
									"rotationX": -36.0,
									"faces": {
										"north": { "texture": "#plain", "uv": [ 0.0, 0.0, 4.0, 2.0 ], "autoUv": false },
										"east": { "texture": "#plain", "uv": [ 0.0, 0.0, 1.0, 2.0 ], "autoUv": false },
										"south": { "texture": "#plain", "uv": [ 0.0, 0.0, 4.0, 2.0 ], "autoUv": false },
										"west": { "texture": "#plain", "uv": [ 0.0, 0.0, 1.0, 2.0 ], "autoUv": false },
										"up": { "texture": "#plain", "uv": [ 0.0, 0.0, 4.0, 1.0 ], "autoUv": false },
										"down": { "texture": "#plain", "uv": [ 0.0, 0.0, 4.0, 1.0 ], "autoUv": false }
									}
								}
							]
						},
						{
							"name": "Main strap top L6",
							"from": [ 0.7, -4.2, -2.3 ],
							"to": [ 3.3, 0.2, -1.7 ],
							"rotationOrigin": [ 3.3, -4.2, -2.3 ],
							"rotationX": -6.0,
							"rotationY": 180.0,
							"rotationZ": 19.0,
							"faces": {
								"north": { "texture": "#plain", "uv": [ 0.0, 0.0, 4.0, 2.0 ], "autoUv": false },
								"east": { "texture": "#plain", "uv": [ 0.0, 0.0, 1.0, 2.0 ], "autoUv": false },
								"south": { "texture": "#plain", "uv": [ 0.0, 0.0, 4.0, 2.0 ], "autoUv": false },
								"west": { "texture": "#plain", "uv": [ 0.0, 0.0, 1.0, 2.0 ], "autoUv": false },
								"up": { "texture": "#plain", "uv": [ 0.0, 0.0, 4.0, 1.0 ], "autoUv": false },
								"down": { "texture": "#plain", "uv": [ 0.0, 0.0, 4.0, 1.0 ], "autoUv": false }
							},
							"children": [
								{
									"name": "Main strap top L7",
									"from": [ 0.0, 4.3, 0.0 ],
									"to": [ 2.6, 6.3, 0.7 ],
									"rotationOrigin": [ 0.0, 4.3, 0.6 ],
									"rotationX": -14.0,
									"faces": {
										"north": { "texture": "#plain", "uv": [ 0.0, 0.0, 4.0, 2.0 ], "autoUv": false },
										"east": { "texture": "#plain", "uv": [ 0.0, 0.0, 1.0, 2.0 ], "autoUv": false },
										"south": { "texture": "#plain", "uv": [ 0.0, 0.0, 4.0, 2.0 ], "autoUv": false },
										"west": { "texture": "#plain", "uv": [ 0.0, 0.0, 1.0, 2.0 ], "autoUv": false },
										"up": { "texture": "#plain", "uv": [ 0.0, 0.0, 4.0, 1.0 ], "autoUv": false },
										"down": { "texture": "#plain", "uv": [ 0.0, 0.0, 4.0, 1.0 ], "autoUv": false }
									}
								}
							]
						},
						{
							"name": "Main strap top L9",
							"from": [ 5.9, -5.2, -2.3 ],
							"to": [ 8.5, -3.9, -1.7 ],
							"rotationOrigin": [ 5.9, -5.2, -2.3 ],
							"rotationX": -3.0,
							"rotationY": 180.0,
							"faces": {
								"north": { "texture": "#plain", "uv": [ 0.0, 0.0, 4.0, 2.0 ], "autoUv": false },
								"east": { "texture": "#plain", "uv": [ 0.0, 0.0, 1.0, 2.0 ], "autoUv": false },
								"south": { "texture": "#plain", "uv": [ 0.0, 0.0, 4.0, 2.0 ], "autoUv": false },
								"west": { "texture": "#plain", "uv": [ 0.0, 0.0, 1.0, 2.0 ], "autoUv": false },
								"up": { "texture": "#plain", "uv": [ 0.0, 0.0, 4.0, 1.0 ], "autoUv": false },
								"down": { "texture": "#plain", "uv": [ 0.0, 0.0, 4.0, 1.0 ], "autoUv": false }
							},
							"children": [
								{
									"name": "Strap bulge L2",
									"from": [ 0.0, -0.2, -0.3 ],
									"to": [ 2.6, 0.8, 1.0 ],
									"rotationOrigin": [ 0.0, -0.2, -0.3 ],
									"faces": {
										"north": { "texture": "#plain", "uv": [ 0.0, 0.0, 4.0, 1.5 ], "autoUv": false },
										"east": { "texture": "#plain", "uv": [ 0.0, 0.0, 2.0, 1.5 ], "autoUv": false },
										"south": { "texture": "#plain", "uv": [ 0.0, 0.0, 4.0, 1.5 ], "autoUv": false },
										"west": { "texture": "#plain", "uv": [ 0.0, 0.0, 2.0, 1.5 ], "autoUv": false },
										"up": { "texture": "#plain", "uv": [ 0.0, 0.0, 4.0, 2.0 ], "autoUv": false },
										"down": { "texture": "#plain", "uv": [ 0.0, 0.0, 4.0, 2.0 ], "autoUv": false }
									}
								},
								{
									"name": "Ring L4",
									"from": [ -0.3, 0.0, 0.0 ],
									"to": [ 3.0, 0.7, 0.7 ],
									"rotationOrigin": [ -0.3, 0.0, 0.3 ],
									"faces": {
										"north": { "texture": "#steel", "uv": [ 0.0, 0.0, 5.0, 1.0 ], "autoUv": false },
										"east": { "texture": "#steel", "uv": [ 0.0, 0.0, 1.0, 1.0 ], "autoUv": false },
										"south": { "texture": "#steel", "uv": [ 6.0, 7.5, 11.0, 8.5 ], "autoUv": false },
										"west": { "texture": "#steel", "uv": [ 0.0, 0.0, 1.0, 1.0 ], "autoUv": false },
										"up": { "texture": "#steel", "uv": [ 0.0, 0.0, 5.0, 1.0 ], "autoUv": false },
										"down": { "texture": "#steel", "uv": [ 0.0, 0.0, 5.0, 1.0 ], "autoUv": false }
									},
									"children": [
										{
											"name": "Ring L5",
											"from": [ 3.3, -2.6, 0.0 ],
											"to": [ 3.9, 0.0, 0.7 ],
											"rotationOrigin": [ 3.3, -2.6, 0.3 ],
											"faces": {
												"north": { "texture": "#steel", "uv": [ 0.0, 0.0, 1.0, 4.0 ], "autoUv": false },
												"east": { "texture": "#steel", "uv": [ 0.0, 0.0, 1.0, 4.0 ], "autoUv": false },
												"south": { "texture": "#steel", "uv": [ 0.0, 0.0, 1.0, 4.0 ], "autoUv": false },
												"west": { "texture": "#steel", "uv": [ 0.0, 0.0, 1.0, 4.0 ], "autoUv": false },
												"up": { "texture": "#steel", "uv": [ 0.0, 0.0, 1.0, 1.0 ], "autoUv": false },
												"down": { "texture": "#steel", "uv": [ 0.0, 0.0, 1.0, 1.0 ], "autoUv": false }
											}
										},
										{
											"name": "Ring L6",
											"from": [ -0.6, -2.6, 0.0 ],
											"to": [ 0.1, 0.0, 0.7 ],
											"rotationOrigin": [ -0.6, -2.6, 0.3 ],
											"faces": {
												"north": { "texture": "#steel", "uv": [ 0.0, 0.0, 1.0, 4.0 ], "autoUv": false },
												"east": { "texture": "#steel", "uv": [ 0.0, 0.0, 1.0, 4.0 ], "autoUv": false },
												"south": { "texture": "#steel", "uv": [ 0.0, 0.0, 1.0, 4.0 ], "autoUv": false },
												"west": { "texture": "#steel", "uv": [ 0.0, 0.0, 1.0, 4.0 ], "autoUv": false },
												"up": { "texture": "#steel", "uv": [ 0.0, 0.0, 1.0, 1.0 ], "autoUv": false },
												"down": { "texture": "#steel", "uv": [ 0.0, 0.0, 1.0, 1.0 ], "autoUv": false }
											}
										},
										{
											"name": "Ring L7",
											"from": [ 0.0, -3.2, 0.0 ],
											"to": [ 3.3, -2.6, 0.7 ],
											"rotationOrigin": [ 0.0, -3.2, 0.3 ],
											"faces": {
												"north": { "texture": "#steel", "uv": [ 0.0, 0.0, 5.0, 1.0 ], "autoUv": false },
												"east": { "texture": "#steel", "uv": [ 0.0, 0.0, 1.0, 1.0 ], "autoUv": false },
												"south": { "texture": "#steel", "uv": [ 5.5, 7.0, 10.5, 8.0 ], "autoUv": false },
												"west": { "texture": "#steel", "uv": [ 0.0, 0.0, 1.0, 1.0 ], "autoUv": false },
												"up": { "texture": "#steel", "uv": [ 5.5, 7.5, 10.5, 8.5 ], "autoUv": false },
												"down": { "texture": "#steel", "uv": [ 0.0, 0.0, 5.0, 1.0 ], "autoUv": false }
											}
										}
									]
								},
								{
									"name": "Main strap bottom L2",
									"from": [ 0.0, -13.6, 0.0 ],
									"to": [ 2.6, -2.5, 0.7 ],
									"rotationOrigin": [ 0.0, -13.6, 0.0 ],
									"faces": {
										"north": { "texture": "#plain", "uv": [ 0.0, 0.0, 4.0, 16.0 ], "autoUv": false },
										"east": { "texture": "#plain", "uv": [ 0.0, 0.0, 1.0, 16.0 ], "autoUv": false },
										"south": { "texture": "#plain", "uv": [ 0.0, 0.0, 16.0, 4.0 ], "rotation": 90, "autoUv": false },
										"west": { "texture": "#plain", "uv": [ 0.0, 0.0, 1.0, 16.0 ], "autoUv": false },
										"up": { "texture": "#plain", "uv": [ 0.0, 0.0, 4.0, 1.0 ], "autoUv": false },
										"down": { "texture": "#plain", "uv": [ 0.0, 0.0, 4.0, 1.0 ], "autoUv": false }
									},
									"children": [
										{
											"name": "Mainstrap  bulge  L2",
											"from": [ 0.0, 10.2, -0.3 ],
											"to": [ 2.6, 11.2, 1.0 ],
											"rotationOrigin": [ 0.0, 10.2, -0.3 ],
											"faces": {
												"north": { "texture": "#plain", "uv": [ 0.0, 0.0, 4.0, 1.5 ], "autoUv": false },
												"east": { "texture": "#plain", "uv": [ 0.0, 0.0, 2.0, 1.5 ], "autoUv": false },
												"south": { "texture": "#plain", "uv": [ 0.0, 0.0, 4.0, 1.5 ], "autoUv": false },
												"west": { "texture": "#plain", "uv": [ 0.0, 0.0, 2.0, 1.5 ], "autoUv": false },
												"up": { "texture": "#plain", "uv": [ 0.0, 0.0, 4.0, 2.0 ], "autoUv": false },
												"down": { "texture": "#plain", "uv": [ 0.0, 0.0, 4.0, 2.0 ], "autoUv": false }
											}
										},
										{
											"name": "Mainstrap  bulge  L3",
											"from": [ 0.0, -4.8, -1.2 ],
											"to": [ 2.6, 0.5, -0.6 ],
											"rotationOrigin": [ 0.0, -1.6, -0.5 ],
											"rotationX": 36.0,
											"faces": {
												"north": { "texture": "#plain", "uv": [ 0.0, 0.0, 4.0, 5.0 ], "autoUv": false },
												"east": { "texture": "#plain", "uv": [ 0.0, 0.0, 1.0, 5.0 ], "autoUv": false },
												"south": { "texture": "#plain", "uv": [ 0.0, 0.0, 5.0, 4.0 ], "rotation": 90, "autoUv": false },
												"west": { "texture": "#plain", "uv": [ 0.0, 0.0, 1.0, 5.0 ], "autoUv": false },
												"up": { "texture": "#plain", "uv": [ 0.0, 0.0, 4.0, 1.0 ], "autoUv": false },
												"down": { "texture": "#plain", "uv": [ 0.0, 0.0, 4.0, 1.0 ], "autoUv": false }
											}
										}
									]
								}
							]
						},
						{
							"name": "Main strap top L8",
							"from": [ 5.1, 1.0, -3.1 ],
							"to": [ 7.7, 1.8, 8.6 ],
							"rotationOrigin": [ 5.1, 1.0, -3.1 ],
							"rotationZ": -11.0,
							"faces": {
								"north": { "texture": "#plain", "uv": [ 0.0, 0.0, 4.0, 2.0 ], "autoUv": false },
								"east": { "texture": "#plain", "uv": [ 0.0, 0.0, 11.5, 0.5 ] },
								"south": { "texture": "#plain", "uv": [ 0.0, 0.0, 4.0, 2.0 ], "autoUv": false },
								"west": { "texture": "#plain", "uv": [ 0.0, 0.0, 11.5, 0.5 ] },
								"up": { "texture": "#plain", "uv": [ 0.0, 0.0, 2.5, 11.5 ] },
								"down": { "texture": "#plain", "uv": [ 0.0, 0.0, 4.0, 1.0 ], "autoUv": false }
							}
						}
					]
				},
				{
					"name": "Main strap top L5",
					"from": [ -44.9, 50.2, 6.4 ],
					"to": [ -42.3, 50.8, 10.6 ],
					"rotationOrigin": [ -44.9, 51.4, 7.0 ],
					"faces": {
						"north": { "texture": "#plain", "uv": [ 0.0, 0.0, 4.0, 2.0 ], "autoUv": false },
						"east": { "texture": "#plain", "uv": [ 0.0, 0.0, 1.0, 2.0 ], "autoUv": false },
						"south": { "texture": "#plain", "uv": [ 0.0, 0.0, 4.0, 2.0 ], "autoUv": false },
						"west": { "texture": "#plain", "uv": [ 0.0, 0.0, 1.0, 2.0 ], "autoUv": false },
						"up": { "texture": "#plain", "uv": [ 0.0, 0.0, 4.0, 1.0 ], "autoUv": false },
						"down": { "texture": "#plain", "uv": [ 0.0, 0.0, 4.0, 1.0 ], "autoUv": false }
					}
				},
				{
					"name": "Bar",
					"from": [ -53.0, 57.0, 1.5 ],
					"to": [ -51.5, 58.5, 15.5 ],
					"rotationOrigin": [ -3.0, 10.0, 1.5 ],
					"faces": {
						"north": { "texture": "#steel", "uv": [ 0.0, 0.0, 1.5, 1.5 ] },
						"east": { "texture": "#steel", "uv": [ 0.0, 0.0, 16.0, 1.5 ], "autoUv": false },
						"south": { "texture": "#steel", "uv": [ 0.0, 0.0, 1.5, 1.5 ] },
						"west": { "texture": "#steel", "uv": [ 0.0, 0.0, 16.0, 1.5 ], "autoUv": false },
						"up": { "texture": "#steel", "uv": [ 0.0, 0.0, 1.5, 16.0 ], "autoUv": false },
						"down": { "texture": "#steel", "uv": [ 0.0, 0.0, 1.5, 16.0 ], "autoUv": false }
					},
					"children": [
						{
							"name": "Cube3",
							"from": [ -0.6, -0.8, 0.2 ],
							"to": [ 2.4, 2.2, 1.2 ],
							"rotationOrigin": [ -0.6, -0.8, 0.2 ],
							"faces": {
								"north": { "texture": "#brass", "uv": [ 0.0, 0.0, 3.0, 3.0 ] },
								"east": { "texture": "#brass", "uv": [ 0.0, 0.0, 1.0, 3.0 ] },
								"south": { "texture": "#brass", "uv": [ 0.0, 0.0, 3.0, 3.0 ] },
								"west": { "texture": "#brass", "uv": [ 0.0, 0.0, 1.0, 3.0 ] },
								"up": { "texture": "#brass", "uv": [ 0.0, 0.0, 3.0, 1.0 ] },
								"down": { "texture": "#brass", "uv": [ 0.0, 0.0, 3.0, 1.0 ] }
							}
						},
						{
							"name": "Cube4",
							"from": [ -0.6, -0.8, 12.8 ],
							"to": [ 2.4, 2.2, 13.8 ],
							"rotationOrigin": [ -1.1, -2.3, 12.8 ],
							"faces": {
								"north": { "texture": "#brass", "uv": [ 0.0, 0.0, 3.0, 3.0 ] },
								"east": { "texture": "#brass", "uv": [ 0.0, 0.0, 1.0, 3.0 ] },
								"south": { "texture": "#brass", "uv": [ 0.0, 0.0, 3.0, 3.0 ] },
								"west": { "texture": "#brass", "uv": [ 0.0, 0.0, 1.0, 3.0 ] },
								"up": { "texture": "#brass", "uv": [ 0.0, 0.0, 3.0, 1.0 ] },
								"down": { "texture": "#brass", "uv": [ 0.0, 0.0, 3.0, 1.0 ] }
							}
						}
					]
				},
				{
					"name": "Cube5",
					"from": [ -52.5, 57.5, 11.5 ],
					"to": [ -41.0, 59.0, 13.0 ],
					"rotationOrigin": [ -52.5, 57.5, 11.5 ],
					"rotationY": -19.0,
					"rotationZ": -44.0,
					"faces": {
						"north": { "texture": "#plain", "uv": [ 0.0, 0.0, 11.5, 1.5 ] },
						"east": { "texture": "#plain", "uv": [ 0.0, 0.0, 1.5, 1.5 ] },
						"south": { "texture": "#plain", "uv": [ 0.0, 0.0, 11.5, 1.5 ] },
						"west": { "texture": "#plain", "uv": [ 0.0, 0.0, 1.5, 1.5 ] },
						"up": { "texture": "#plain", "uv": [ 0.0, 0.0, 11.5, 1.5 ] },
						"down": { "texture": "#plain", "uv": [ 0.0, 0.0, 11.5, 1.5 ] }
					},
					"children": [
						{
							"name": "Cube6",
							"from": [ 11.4, -0.2, 0.4 ],
							"to": [ 44.4, 1.3, 1.9 ],
							"rotationOrigin": [ 11.4, -0.2, 0.4 ],
							"rotationX": -14.0,
							"rotationY": 5.1,
							"rotationZ": 80.0,
							"faces": {
								"north": { "texture": "#plain", "uv": [ 0.0, 0.0, 16.0, 1.5 ], "autoUv": false },
								"east": { "texture": "#plain", "uv": [ 0.0, 0.0, 1.5, 1.5 ] },
								"south": { "texture": "#plain", "uv": [ 0.0, 0.0, 16.0, 1.5 ], "autoUv": false },
								"west": { "texture": "#plain", "uv": [ 0.0, 0.0, 1.5, 1.5 ] },
								"up": { "texture": "#plain", "uv": [ 0.0, 0.0, 16.0, 1.5 ], "autoUv": false },
								"down": { "texture": "#plain", "uv": [ 0.0, 0.0, 16.0, 1.5 ], "autoUv": false }
							}
						}
					]
				},
				{
					"name": "Cube8",
					"from": [ -18.9, 70.1, 4.1 ],
					"to": [ -17.2, 71.6, 12.3 ],
					"rotationOrigin": [ -18.9, 70.1, 4.1 ],
					"faces": {
						"north": { "texture": "#plain", "uv": [ 0.0, 0.0, 1.5, 1.5 ] },
						"east": { "texture": "#plain", "uv": [ 0.0, 0.0, 8.0, 1.5 ] },
						"south": { "texture": "#plain", "uv": [ 0.0, 0.0, 1.5, 1.5 ] },
						"west": { "texture": "#plain", "uv": [ 0.0, 0.0, 8.0, 1.5 ] },
						"up": { "texture": "#plain", "uv": [ 0.0, 0.0, 1.5, 8.0 ] },
						"down": { "texture": "#plain", "uv": [ 0.0, 0.0, 1.5, 8.0 ] }
					}
				},
				{
					"name": "Cube9",
					"from": [ -52.5, 57.5, 3.5 ],
					"to": [ -41.0, 59.0, 5.0 ],
					"rotationOrigin": [ -52.5, 57.5, 4.9 ],
					"rotationY": 19.0,
					"rotationZ": -44.0,
					"faces": {
						"north": { "texture": "#plain", "uv": [ 0.0, 0.0, 11.5, 1.5 ] },
						"east": { "texture": "#plain", "uv": [ 0.0, 0.0, 1.5, 1.5 ] },
						"south": { "texture": "#plain", "uv": [ 0.0, 0.0, 11.5, 1.5 ] },
						"west": { "texture": "#plain", "uv": [ 0.0, 0.0, 1.5, 1.5 ] },
						"up": { "texture": "#plain", "uv": [ 0.0, 0.0, 11.5, 1.5 ] },
						"down": { "texture": "#plain", "uv": [ 0.0, 0.0, 11.5, 1.5 ] }
					},
					"children": [
						{
							"name": "Cube10",
							"from": [ 11.3, -0.2, -0.4 ],
							"to": [ 44.3, 1.3, 1.1 ],
							"rotationOrigin": [ 11.3, -0.2, 1.1 ],
							"rotationX": 14.0,
							"rotationY": -5.1,
							"rotationZ": 80.0,
							"faces": {
								"north": { "texture": "#plain", "uv": [ 0.0, 0.0, 16.0, 1.5 ], "autoUv": false },
								"east": { "texture": "#plain", "uv": [ 0.0, 0.0, 1.5, 1.5 ] },
								"south": { "texture": "#plain", "uv": [ 0.0, 0.0, 16.0, 1.5 ], "autoUv": false },
								"west": { "texture": "#plain", "uv": [ 0.0, 0.0, 1.5, 1.5 ] },
								"up": { "texture": "#plain", "uv": [ 0.0, 0.0, 16.0, 1.5 ], "autoUv": false },
								"down": { "texture": "#plain", "uv": [ 0.0, 0.0, 16.0, 1.5 ], "autoUv": false }
							}
						}
					]
				},
				{
					"name": "Cube12",
					"from": [ -51.5, 57.5, 12.5 ],
					"to": [ -42.0, 59.0, 14.0 ],
					"rotationOrigin": [ -51.5, 57.5, 13.2 ],
					"rotationY": -11.0,
					"rotationZ": 47.0,
					"faces": {
						"north": { "texture": "#plain", "uv": [ 0.0, 0.0, 9.5, 1.5 ] },
						"east": { "texture": "#plain", "uv": [ 0.0, 0.0, 1.5, 1.5 ] },
						"south": { "texture": "#plain", "uv": [ 0.0, 0.0, 9.5, 1.5 ] },
						"west": { "texture": "#plain", "uv": [ 0.0, 0.0, 1.5, 1.5 ] },
						"up": { "texture": "#plain", "uv": [ 0.0, 0.0, 9.5, 1.5 ] },
						"down": { "texture": "#plain", "uv": [ 0.0, 0.0, 9.5, 1.5 ] }
					},
					"children": [
						{
							"name": "Cube14",
							"from": [ 7.8, -0.5, -0.1 ],
							"to": [ 9.3, 1.0, 1.4 ],
							"rotationOrigin": [ 9.3, -0.5, 0.5 ],
							"rotationX": 8.1,
							"rotationY": 7.5,
							"rotationZ": -47.5,
							"faces": {
								"north": { "texture": "#plain", "uv": [ 0.0, 0.0, 1.5, 1.5 ] },
								"east": { "texture": "#plain", "uv": [ 0.0, 0.0, 1.5, 1.5 ] },
								"south": { "texture": "#plain", "uv": [ 0.0, 0.0, 1.5, 1.5 ] },
								"west": { "texture": "#plain", "uv": [ 0.0, 0.0, 1.5, 1.5 ] },
								"up": { "texture": "#plain", "uv": [ 0.0, 0.0, 1.5, 1.5 ] },
								"down": { "texture": "#plain", "uv": [ 0.0, 0.0, 1.5, 1.5 ] }
							}
						}
					]
				},
				{
					"name": "Cube15",
					"from": [ -42.4, 66.0, 13.7 ],
					"to": [ -40.9, 67.5, 15.2 ],
					"rotationOrigin": [ -40.9, 66.0, 14.3 ],
					"faces": {
						"north": { "texture": "#plain", "uv": [ 0.0, 0.0, 1.5, 1.5 ] },
						"east": { "texture": "#plain", "uv": [ 0.0, 0.0, 1.5, 1.5 ] },
						"south": { "texture": "#plain", "uv": [ 0.0, 0.0, 1.5, 1.5 ] },
						"west": { "texture": "#plain", "uv": [ 0.0, 0.0, 1.5, 1.5 ] },
						"up": { "texture": "#plain", "uv": [ 0.0, 0.0, 1.5, 1.5 ] },
						"down": { "texture": "#plain", "uv": [ 0.0, 0.0, 1.5, 1.5 ] }
					},
					"children": [
						{
							"name": "Cube13",
							"from": [ 1.5, 0.3, -0.2 ],
							"to": [ 11.0, 1.8, 1.3 ],
							"rotationOrigin": [ 1.5, 0.3, 0.5 ],
							"rotationY": 6.0,
							"rotationZ": 50.0,
							"faces": {
								"north": { "texture": "#plain", "uv": [ 0.0, 0.0, 9.5, 1.5 ] },
								"east": { "texture": "#plain", "uv": [ 0.0, 0.0, 1.5, 1.5 ] },
								"south": { "texture": "#plain", "uv": [ 0.0, 0.0, 9.5, 1.5 ] },
								"west": { "texture": "#plain", "uv": [ 0.0, 0.0, 1.5, 1.5 ] },
								"up": { "texture": "#plain", "uv": [ 0.0, 0.0, 9.5, 1.5 ] },
								"down": { "texture": "#plain", "uv": [ 0.0, 0.0, 9.5, 1.5 ] }
							}
						}
					]
				},
				{
					"name": "Cube17",
					"from": [ -36.1, 73.6, 3.3 ],
					"to": [ -34.4, 75.1, 14.2 ],
					"rotationOrigin": [ -36.1, 73.6, 3.3 ],
					"faces": {
						"north": { "texture": "#plain", "uv": [ 0.0, 0.0, 1.5, 1.5 ] },
						"east": { "texture": "#plain", "uv": [ 0.0, 0.0, 10.5, 1.5 ] },
						"south": { "texture": "#plain", "uv": [ 0.0, 0.0, 1.5, 1.5 ] },
						"west": { "texture": "#plain", "uv": [ 0.0, 0.0, 10.5, 1.5 ] },
						"up": { "texture": "#plain", "uv": [ 0.0, 0.0, 1.5, 10.5 ] },
						"down": { "texture": "#plain", "uv": [ 0.0, 0.0, 1.5, 10.5 ] }
					}
				},
				{
					"name": "Cube18",
					"from": [ -51.5, 57.5, 3.5 ],
					"to": [ -42.0, 59.0, 5.0 ],
					"rotationOrigin": [ -51.5, 57.5, 4.2 ],
					"rotationY": 11.0,
					"rotationZ": 47.0,
					"faces": {
						"north": { "texture": "#plain", "uv": [ 0.0, 0.0, 9.5, 1.5 ] },
						"east": { "texture": "#plain", "uv": [ 0.0, 0.0, 1.5, 1.5 ] },
						"south": { "texture": "#plain", "uv": [ 0.0, 0.0, 9.5, 1.5 ] },
						"west": { "texture": "#plain", "uv": [ 0.0, 0.0, 1.5, 1.5 ] },
						"up": { "texture": "#plain", "uv": [ 0.0, 0.0, 9.5, 1.5 ] },
						"down": { "texture": "#plain", "uv": [ 0.0, 0.0, 9.5, 1.5 ] }
					},
					"children": [
						{
							"name": "Cube19",
							"from": [ 7.9, -0.5, -0.2 ],
							"to": [ 9.4, 1.0, 1.3 ],
							"rotationOrigin": [ 9.4, -0.5, 0.4 ],
							"rotationX": -8.1,
							"rotationY": -7.5,
							"rotationZ": -47.5,
							"faces": {
								"north": { "texture": "#plain", "uv": [ 0.0, 0.0, 1.5, 1.5 ] },
								"east": { "texture": "#plain", "uv": [ 0.0, 0.0, 1.5, 1.5 ] },
								"south": { "texture": "#plain", "uv": [ 0.0, 0.0, 1.5, 1.5 ] },
								"west": { "texture": "#plain", "uv": [ 0.0, 0.0, 1.5, 1.5 ] },
								"up": { "texture": "#plain", "uv": [ 0.0, 0.0, 1.5, 1.5 ] },
								"down": { "texture": "#plain", "uv": [ 0.0, 0.0, 1.5, 1.5 ] }
							}
						}
					]
				},
				{
					"name": "Cube20",
					"from": [ -42.4, 66.0, 2.0 ],
					"to": [ -40.9, 67.5, 3.5 ],
					"rotationOrigin": [ -40.9, 66.0, 2.6 ],
					"faces": {
						"north": { "texture": "#plain", "uv": [ 0.0, 0.0, 1.5, 1.5 ] },
						"east": { "texture": "#plain", "uv": [ 0.0, 0.0, 1.5, 1.5 ] },
						"south": { "texture": "#plain", "uv": [ 0.0, 0.0, 1.5, 1.5 ] },
						"west": { "texture": "#plain", "uv": [ 0.0, 0.0, 1.5, 1.5 ] },
						"up": { "texture": "#plain", "uv": [ 0.0, 0.0, 1.5, 1.5 ] },
						"down": { "texture": "#plain", "uv": [ 0.0, 0.0, 1.5, 1.5 ] }
					},
					"children": [
						{
							"name": "Cube21",
							"from": [ 1.5, 0.3, 0.5 ],
							"to": [ 11.5, 1.8, 2.0 ],
							"rotationOrigin": [ 1.5, 0.3, 1.2 ],
							"rotationY": -6.0,
							"rotationZ": 50.0,
							"faces": {
								"north": { "texture": "#plain", "uv": [ 0.0, 0.0, 10.0, 1.5 ] },
								"east": { "texture": "#plain", "uv": [ 0.0, 0.0, 1.5, 1.5 ] },
								"south": { "texture": "#plain", "uv": [ 0.0, 0.0, 10.0, 1.5 ] },
								"west": { "texture": "#plain", "uv": [ 0.0, 0.0, 1.5, 1.5 ] },
								"up": { "texture": "#plain", "uv": [ 0.0, 0.0, 10.0, 1.5 ] },
								"down": { "texture": "#plain", "uv": [ 0.0, 0.0, 10.0, 1.5 ] }
							}
						}
					]
				},
				{
					"name": "Cube11",
					"from": [ -17.3, 68.1, -0.8 ],
					"to": [ -12.8, 69.6, 0.7 ],
					"rotationOrigin": [ -17.3, 68.1, 0.6 ],
					"rotationX": 66.0,
					"rotationZ": 90.0,
					"faces": {
						"north": { "texture": "#plain", "uv": [ 0.0, 0.0, 4.5, 1.5 ] },
						"east": { "texture": "#plain", "uv": [ 0.0, 0.0, 1.5, 1.5 ] },
						"south": { "texture": "#plain", "uv": [ 0.0, 0.0, 4.5, 1.5 ] },
						"west": { "texture": "#plain", "uv": [ 0.0, 0.0, 1.5, 1.5 ] },
						"up": { "texture": "#plain", "uv": [ 0.0, 0.0, 4.5, 1.5 ] },
						"down": { "texture": "#plain", "uv": [ 0.0, 0.0, 4.5, 1.5 ] }
					}
				},
				{
					"name": "Cube7",
					"from": [ -17.3, 68.1, 15.8 ],
					"to": [ -12.8, 69.6, 17.3 ],
					"rotationOrigin": [ -17.3, 68.1, 15.8 ],
					"rotationX": -66.0,
					"rotationZ": 90.0,
					"faces": {
						"north": { "texture": "#plain", "uv": [ 0.0, 0.0, 4.5, 1.5 ] },
						"east": { "texture": "#plain", "uv": [ 0.0, 0.0, 1.5, 1.5 ] },
						"south": { "texture": "#plain", "uv": [ 0.0, 0.0, 4.5, 1.5 ] },
						"west": { "texture": "#plain", "uv": [ 0.0, 0.0, 1.5, 1.5 ] },
						"up": { "texture": "#plain", "uv": [ 0.0, 0.0, 4.5, 1.5 ] },
						"down": { "texture": "#plain", "uv": [ 0.0, 0.0, 4.5, 1.5 ] }
					}
				}
			]
		}
	]}