{
	"editor": {
		"backDropShape": "LoP-Carcha/assets/carcharodontosauridae/shapes/entity/land/carcharodontosauridae/giganotosaurus/adult",
		"collapsedPaths": "Root/Leather square center,Root/Center/Main Saddle bottom,Root/Leather square center2,Root,Root/Strap Main/Main strap top L,Root/Strap Main/Main strap top R,Root/Strap Main2,Root/Center/Strap Main,Root/Strap Main,Root/Leather square center/Leather square center L,Root/Main strap top R,Root/Leather square center/Leather square center L9,Root/Main strap bottom L,Root/Center/Strap Main2,Root/Main strap top L,Root/Main Saddle bottom/Saddle Back In,Root/Main Saddle bottom,Root/Center/Leather square center2,Root/Mainstrap  bulge  L,Root/Strap Main2/Main strap top L2,Root/Ring L,Root/Center/Leather square center,Root/Ring R,Root/Main strap bottom L2,Root/Leather square center2/Leather square center L3",
		"allAngles": true,
		"entityTextureMode": false
	},
	"textureWidth": 16,
	"textureHeight": 16,
	"textureSizes": {
	},
	"textures": {
	},
	"elements": [
		{
			"name": "Main",
			"stepParentName": "Torso",
			"from": [ 24.0, -37.0, 3.0 ],
			"to": [ 24.0, -37.0, 3.0 ],
			"rotationOrigin": [ 12.0, 28.0, 11.0 ],
			"faces": {
				"north": { "texture": "#plain", "uv": [ 0.0, 0.0, 0.5, 0.5 ] },
				"east": { "texture": "#plain", "uv": [ 0.0, 0.0, 0.5, 0.5 ] },
				"south": { "texture": "#plain", "uv": [ 0.0, 0.0, 0.5, 0.5 ] },
				"west": { "texture": "#plain", "uv": [ 0.0, 0.0, 0.5, 0.5 ] },
				"up": { "texture": "#plain", "uv": [ 0.0, 0.0, 0.5, 0.5 ] },
				"down": { "texture": "#plain", "uv": [ 0.0, 0.0, 0.5, 0.5 ] }
			},
			"children": [
				{
					"name": "Strap Main2",
					"from": [ -25.3, 65.7, 2.0 ],
					"to": [ -25.3, 65.7, 2.0 ],
					"rotationOrigin": [ -18.3, 55.7, 8.0 ],
					"rotationZ": -8.0,
					"faces": {
						"north": { "texture": "#plain", "uv": [ 0.0, 0.0, 0.5, 0.5 ] },
						"east": { "texture": "#plain", "uv": [ 0.0, 0.0, 0.5, 0.5 ] },
						"south": { "texture": "#plain", "uv": [ 0.0, 0.0, 0.5, 0.5 ] },
						"west": { "texture": "#plain", "uv": [ 0.0, 0.0, 0.5, 0.5 ] },
						"up": { "texture": "#plain", "uv": [ 0.0, 0.0, 0.5, 0.5 ] },
						"down": { "texture": "#plain", "uv": [ 0.0, 0.0, 0.5, 0.5 ] }
					},
					"children": [
						{
							"name": "Main strap top L2",
							"from": [ 5.0, -8.0, 15.0 ],
							"to": [ 9.0, -6.0, 16.0 ],
							"rotationOrigin": [ 5.0, -8.0, 15.0 ],
							"faces": {
								"north": { "texture": "#plain", "uv": [ 0.0, 0.0, 4.0, 2.0 ] },
								"east": { "texture": "#plain", "uv": [ 0.0, 0.0, 1.0, 2.0 ] },
								"south": { "texture": "#plain", "uv": [ 0.0, 0.0, 4.0, 2.0 ] },
								"west": { "texture": "#plain", "uv": [ 0.0, 0.0, 1.0, 2.0 ] },
								"up": { "texture": "#plain", "uv": [ 0.0, 0.0, 4.0, 1.0 ] },
								"down": { "texture": "#plain", "uv": [ 0.0, 0.0, 4.0, 1.0 ] }
							},
							"children": [
								{
									"name": "Strap bulge L2",
									"from": [ 0.0, -0.3, -0.5 ],
									"to": [ 5.0, 1.3, 1.5 ],
									"rotationOrigin": [ 0.0, -0.3, -0.5 ],
									"faces": {
										"north": { "texture": "#plain", "uv": [ 0.0, 0.0, 5.0, 1.5 ] },
										"east": { "texture": "#plain", "uv": [ 0.0, 0.0, 2.0, 1.5 ] },
										"south": { "texture": "#plain", "uv": [ 0.0, 0.0, 5.0, 1.5 ] },
										"west": { "texture": "#plain", "uv": [ 0.0, 0.0, 2.0, 1.5 ] },
										"up": { "texture": "#plain", "uv": [ 0.0, 0.0, 5.0, 2.0 ] },
										"down": { "texture": "#plain", "uv": [ 0.0, 0.0, 5.0, 2.0 ] }
									}
								},
								{
									"name": "Ring L4",
									"from": [ -0.5, 0.0, 0.0 ],
									"to": [ 4.5, 1.0, 1.0 ],
									"rotationOrigin": [ -0.5, 0.0, 0.5 ],
									"faces": {
										"north": { "texture": "#steel", "uv": [ 6.5, 12.5, 11.5, 13.5 ] },
										"east": { "texture": "#steel", "uv": [ 0.0, 0.0, 1.0, 1.0 ] },
										"south": { "texture": "#steel", "uv": [ 10.0, 7.5, 15.0, 8.5 ] },
										"west": { "texture": "#steel", "uv": [ 9.0, 9.0, 14.0, 10.0 ], "autoUv": false },
										"up": { "texture": "#steel", "uv": [ 8.0, 7.5, 13.0, 8.5 ] },
										"down": { "texture": "#steel", "uv": [ 6.0, 8.5, 11.0, 9.5 ] }
									},
									"children": [
										{
											"name": "Ring L5",
											"from": [ 5.0, -4.0, 0.0 ],
											"to": [ 6.0, 0.0, 1.0 ],
											"rotationOrigin": [ 5.0, -4.0, 0.5 ],
											"faces": {
												"north": { "texture": "#steel", "uv": [ 0.0, 0.0, 1.0, 4.0 ] },
												"east": { "texture": "#steel", "uv": [ 0.0, 0.0, 1.0, 4.0 ] },
												"south": { "texture": "#steel", "uv": [ 0.0, 0.0, 1.0, 4.0 ] },
												"west": { "texture": "#steel", "uv": [ 0.0, 0.0, 1.0, 4.0 ] },
												"up": { "texture": "#steel", "uv": [ 0.0, 0.0, 1.0, 1.0 ] },
												"down": { "texture": "#steel", "uv": [ 0.0, 0.0, 1.0, 1.0 ] }
											}
										},
										{
											"name": "Ring L6",
											"from": [ -1.0, -4.0, 0.0 ],
											"to": [ 0.0, 0.0, 1.0 ],
											"rotationOrigin": [ -1.0, -4.0, 0.5 ],
											"faces": {
												"north": { "texture": "#steel", "uv": [ 0.0, 0.0, 1.0, 4.0 ] },
												"east": { "texture": "#steel", "uv": [ 0.0, 0.0, 1.0, 4.0 ] },
												"south": { "texture": "#steel", "uv": [ 0.0, 0.0, 1.0, 4.0 ] },
												"west": { "texture": "#steel", "uv": [ 0.0, 0.0, 1.0, 4.0 ] },
												"up": { "texture": "#steel", "uv": [ 0.0, 0.0, 1.0, 1.0 ] },
												"down": { "texture": "#steel", "uv": [ 0.0, 0.0, 1.0, 1.0 ] }
											}
										},
										{
											"name": "Ring L7",
											"from": [ 0.0, -5.0, 0.0 ],
											"to": [ 5.0, -4.0, 1.0 ],
											"rotationOrigin": [ 0.0, -5.0, 0.5 ],
											"faces": {
												"north": { "texture": "#steel", "uv": [ 0.0, 0.0, 5.0, 1.0 ] },
												"east": { "texture": "#steel", "uv": [ 0.0, 0.0, 1.0, 1.0 ] },
												"south": { "texture": "#steel", "uv": [ 6.0, 7.5, 11.0, 8.5 ] },
												"west": { "texture": "#steel", "uv": [ 0.0, 0.0, 1.0, 1.0 ] },
												"up": { "texture": "#steel", "uv": [ 0.0, 0.0, 5.0, 1.0 ] },
												"down": { "texture": "#steel", "uv": [ 0.0, 0.0, 5.0, 1.0 ] }
											}
										}
									]
								},
								{
									"name": "Mainstrap  bulge  L6",
									"from": [ 0.0, -5.3, -0.5 ],
									"to": [ 4.0, -3.7, 1.5 ],
									"rotationOrigin": [ 0.0, -5.3, -0.5 ],
									"faces": {
										"north": { "texture": "#plain", "uv": [ 0.0, 0.0, 4.0, 1.5 ] },
										"east": { "texture": "#plain", "uv": [ 0.0, 0.0, 2.0, 1.5 ] },
										"south": { "texture": "#plain", "uv": [ 0.0, 0.0, 4.0, 1.5 ] },
										"west": { "texture": "#plain", "uv": [ 0.0, 0.0, 2.0, 1.5 ] },
										"up": { "texture": "#plain", "uv": [ 0.0, 0.0, 4.0, 2.0 ] },
										"down": { "texture": "#plain", "uv": [ 0.0, 0.0, 4.0, 2.0 ] }
									}
								},
								{
									"name": "Main strap bottom L3",
									"from": [ 0.0, -21.0, 0.0 ],
									"to": [ 4.0, -5.0, 1.0 ],
									"rotationOrigin": [ 0.0, -21.0, 0.0 ],
									"faces": {
										"north": { "texture": "#plain", "uv": [ 0.0, 0.0, 4.0, 16.0 ] },
										"east": { "texture": "#plain", "uv": [ 0.0, 0.0, 1.0, 16.0 ] },
										"south": { "texture": "#plain", "uv": [ 0.0, 0.0, 16.0, 4.0 ], "rotation": 90 },
										"west": { "texture": "#plain", "uv": [ 0.0, 0.0, 1.0, 16.0 ] },
										"up": { "texture": "#plain", "uv": [ 0.0, 0.0, 4.0, 1.0 ] },
										"down": { "texture": "#plain", "uv": [ 0.0, 0.0, 4.0, 1.0 ] }
									},
									"children": [
										{
											"name": "Mainstrap  bulge  L7",
											"from": [ 0.0, -5.0, 0.0 ],
											"to": [ 4.0, 0.0, 1.0 ],
											"rotationOrigin": [ 0.0, 0.0, 1.0 ],
											"rotationX": 42.0,
											"faces": {
												"north": { "texture": "#plain", "uv": [ 0.0, 0.0, 4.0, 5.0 ] },
												"east": { "texture": "#plain", "uv": [ 0.0, 0.0, 1.0, 5.0 ] },
												"south": { "texture": "#plain", "uv": [ 0.0, 0.0, 5.0, 4.0 ], "rotation": 90 },
												"west": { "texture": "#plain", "uv": [ 0.0, 0.0, 1.0, 5.0 ] },
												"up": { "texture": "#plain", "uv": [ 0.0, 0.0, 4.0, 1.0 ] },
												"down": { "texture": "#plain", "uv": [ 0.0, 0.0, 4.0, 1.0 ] }
											},
											"children": [
												{
													"name": "Mainstrap  bulge  L8",
													"from": [ 0.0, -8.34, -3.69 ],
													"to": [ 4.0, 1.66, -2.69 ],
													"rotationOrigin": [ 0.0, -3.3436, -2.6893 ],
													"rotationX": 47.0,
													"faces": {
														"north": { "texture": "#plain", "uv": [ 0.0, 0.0, 4.0, 10.0 ] },
														"east": { "texture": "#plain", "uv": [ 0.0, 0.0, 1.0, 10.0 ] },
														"south": { "texture": "#plain", "uv": [ 0.0, 0.0, 10.0, 4.0 ], "rotation": 90, "autoUv": false },
														"west": { "texture": "#plain", "uv": [ 0.0, 0.0, 1.0, 10.0 ] },
														"up": { "texture": "#plain", "uv": [ 0.0, 0.0, 4.0, 1.0 ] },
														"down": { "texture": "#plain", "uv": [ 0.0, 0.0, 4.0, 1.0 ] }
													}
												}
											]
										}
									]
								}
							]
						},
						{
							"name": "Main strap top R2",
							"from": [ 5.0, -8.0, -7.1 ],
							"to": [ 9.0, -6.0, -6.1 ],
							"rotationOrigin": [ 5.0, -8.0, 54.9 ],
							"faces": {
								"north": { "texture": "#plain", "uv": [ 0.0, 0.0, 4.0, 2.0 ] },
								"east": { "texture": "#plain", "uv": [ 0.0, 0.0, 1.0, 2.0 ] },
								"south": { "texture": "#plain", "uv": [ 0.0, 0.0, 4.0, 2.0 ] },
								"west": { "texture": "#plain", "uv": [ 0.0, 0.0, 1.0, 2.0 ] },
								"up": { "texture": "#plain", "uv": [ 0.0, 0.0, 4.0, 1.0 ] },
								"down": { "texture": "#plain", "uv": [ 0.0, 0.0, 4.0, 1.0 ] }
							},
							"children": [
								{
									"name": "Strap bulge R2",
									"from": [ 0.0, -0.3, -0.5 ],
									"to": [ 4.0, 1.2, 1.5 ],
									"rotationOrigin": [ 0.0, -0.3, -0.5 ],
									"faces": {
										"north": { "texture": "#plain", "uv": [ 0.0, 0.0, 4.0, 1.5 ] },
										"east": { "texture": "#plain", "uv": [ 0.0, 0.0, 2.0, 1.5 ] },
										"south": { "texture": "#plain", "uv": [ 0.0, 0.0, 4.0, 1.5 ] },
										"west": { "texture": "#plain", "uv": [ 0.0, 0.0, 2.0, 1.5 ] },
										"up": { "texture": "#plain", "uv": [ 0.0, 0.0, 4.0, 2.0 ] },
										"down": { "texture": "#plain", "uv": [ 0.0, 0.0, 4.0, 2.0 ] }
									}
								},
								{
									"name": "Ring R4",
									"from": [ -0.5, 0.0, -0.3 ],
									"to": [ 4.5, 1.0, 0.7 ],
									"rotationOrigin": [ -0.5, 0.0, 40.2 ],
									"faces": {
										"north": { "texture": "#steel", "uv": [ 5.0, 8.0, 10.0, 9.0 ] },
										"east": { "texture": "#steel", "uv": [ 0.0, 0.0, 1.0, 1.0 ] },
										"south": { "texture": "#steel", "uv": [ 5.5, 10.0, 10.5, 11.0 ] },
										"west": { "texture": "#steel", "uv": [ 0.0, 0.0, 1.0, 1.0 ] },
										"up": { "texture": "#steel", "uv": [ 6.5, 8.0, 11.5, 9.0 ] },
										"down": { "texture": "#steel", "uv": [ 7.0, 7.0, 12.0, 8.0 ] }
									},
									"children": [
										{
											"name": "Ring R5",
											"from": [ 5.0, -4.0, 0.0 ],
											"to": [ 6.0, 0.0, 1.0 ],
											"rotationOrigin": [ 5.0, -4.0, 0.5 ],
											"faces": {
												"north": { "texture": "#steel", "uv": [ 0.0, 0.0, 1.0, 4.0 ] },
												"east": { "texture": "#steel", "uv": [ 0.0, 0.0, 1.0, 4.0 ] },
												"south": { "texture": "#steel", "uv": [ 0.0, 0.0, 1.0, 4.0 ] },
												"west": { "texture": "#steel", "uv": [ 0.0, 0.0, 1.0, 4.0 ] },
												"up": { "texture": "#steel", "uv": [ 0.0, 0.0, 1.0, 1.0 ] },
												"down": { "texture": "#steel", "uv": [ 0.0, 0.0, 1.0, 1.0 ] }
											}
										},
										{
											"name": "Ring R6",
											"from": [ -1.0, -4.0, 0.0 ],
											"to": [ 0.0, 0.0, 1.0 ],
											"rotationOrigin": [ -1.0, -4.0, 0.5 ],
											"faces": {
												"north": { "texture": "#steel", "uv": [ 0.0, 0.0, 1.0, 4.0 ] },
												"east": { "texture": "#steel", "uv": [ 0.0, 0.0, 1.0, 4.0 ] },
												"south": { "texture": "#steel", "uv": [ 0.0, 0.0, 1.0, 4.0 ] },
												"west": { "texture": "#steel", "uv": [ 0.0, 0.0, 1.0, 4.0 ] },
												"up": { "texture": "#steel", "uv": [ 0.0, 0.0, 1.0, 1.0 ] },
												"down": { "texture": "#steel", "uv": [ 0.0, 0.0, 1.0, 1.0 ] }
											}
										},
										{
											"name": "Ring R7",
											"from": [ 0.0, -5.0, 0.0 ],
											"to": [ 5.0, -4.0, 1.0 ],
											"rotationOrigin": [ 0.0, -5.0, 0.5 ],
											"faces": {
												"north": { "texture": "#steel", "uv": [ 5.5, 7.0, 10.5, 8.0 ] },
												"east": { "texture": "#steel", "uv": [ 0.0, 0.0, 1.0, 1.0 ] },
												"south": { "texture": "#steel", "uv": [ 0.0, 0.0, 5.0, 1.0 ] },
												"west": { "texture": "#steel", "uv": [ 0.0, 0.0, 1.0, 1.0 ] },
												"up": { "texture": "#steel", "uv": [ 0.0, 0.0, 5.0, 1.0 ] },
												"down": { "texture": "#steel", "uv": [ 0.0, 0.0, 5.0, 1.0 ] }
											}
										}
									]
								},
								{
									"name": "Mainstrap  bulge  L9",
									"from": [ 4.0, -5.3, 0.6 ],
									"to": [ 8.0, -3.7, 1.6 ],
									"rotationOrigin": [ 4.0, -5.3, 0.6 ],
									"rotationX": -180.0,
									"rotationZ": -180.0,
									"faces": {
										"north": { "texture": "#plain", "uv": [ 0.0, 0.0, 4.0, 1.5 ] },
										"east": { "texture": "#plain", "uv": [ 0.0, 0.0, 1.0, 1.5 ] },
										"south": { "texture": "#plain", "uv": [ 0.0, 0.0, 4.0, 1.5 ] },
										"west": { "texture": "#plain", "uv": [ 0.0, 0.0, 1.0, 1.5 ] },
										"up": { "texture": "#plain", "uv": [ 0.0, 0.0, 4.0, 1.0 ] },
										"down": { "texture": "#plain", "uv": [ 0.0, 0.0, 4.0, 1.0 ] }
									}
								},
								{
									"name": "Main strap bottom L4",
									"from": [ 4.0, -21.0, 1.1 ],
									"to": [ 8.0, -5.0, 2.1 ],
									"rotationOrigin": [ 4.0, -21.0, 1.1 ],
									"rotationX": -180.0,
									"rotationZ": -180.0,
									"faces": {
										"north": { "texture": "#plain", "uv": [ 0.0, 0.0, 4.0, 16.0 ] },
										"east": { "texture": "#plain", "uv": [ 0.0, 0.0, 1.0, 16.0 ] },
										"south": { "texture": "#plain", "uv": [ 0.0, 0.0, 16.0, 4.0 ], "rotation": 90, "autoUv": false },
										"west": { "texture": "#plain", "uv": [ 0.0, 0.0, 1.0, 16.0 ] },
										"up": { "texture": "#plain", "uv": [ 0.0, 0.0, 4.0, 1.0 ] },
										"down": { "texture": "#plain", "uv": [ 0.0, 0.0, 4.0, 1.0 ] }
									},
									"children": [
										{
											"name": "Mainstrap  bulge  L10",
											"from": [ 0.0, -5.0, 0.0 ],
											"to": [ 4.0, 0.0, 1.0 ],
											"rotationOrigin": [ 0.0, 0.0, 1.0 ],
											"rotationX": 42.0,
											"faces": {
												"north": { "texture": "#plain", "uv": [ 0.0, 0.0, 4.0, 5.0 ] },
												"east": { "texture": "#plain", "uv": [ 0.0, 0.0, 1.0, 5.0 ] },
												"south": { "texture": "#plain", "uv": [ 0.0, 0.0, 5.0, 4.0 ], "rotation": 90 },
												"west": { "texture": "#plain", "uv": [ 0.0, 0.0, 1.0, 5.0 ] },
												"up": { "texture": "#plain", "uv": [ 0.0, 0.0, 4.0, 1.0 ] },
												"down": { "texture": "#plain", "uv": [ 0.0, 0.0, 4.0, 1.0 ] }
											},
											"children": [
												{
													"name": "Mainstrap  bulge  L11",
													"from": [ 0.0, -8.34, -3.69 ],
													"to": [ 4.0, 1.66, -2.69 ],
													"rotationOrigin": [ 0.0, -3.3436, -2.6893 ],
													"rotationX": 47.0,
													"faces": {
														"north": { "texture": "#plain", "uv": [ 0.0, 0.0, 4.0, 10.0 ] },
														"east": { "texture": "#plain", "uv": [ 0.0, 0.0, 1.0, 10.0 ] },
														"south": { "texture": "#plain", "uv": [ 0.0, 0.0, 10.0, 4.0 ], "rotation": 90, "autoUv": false },
														"west": { "texture": "#plain", "uv": [ 0.0, 0.0, 1.0, 10.0 ] },
														"up": { "texture": "#plain", "uv": [ 0.0, 0.0, 4.0, 1.0 ] },
														"down": { "texture": "#plain", "uv": [ 0.0, 0.0, 4.0, 1.0 ] }
													}
												}
											]
										}
									]
								}
							]
						}
					]
				},
				{
					"name": "Strap Main",
					"from": [ -15.0, 65.0, 2.0 ],
					"to": [ -15.0, 65.0, 2.0 ],
					"rotationOrigin": [ -8.0, 55.0, 8.0 ],
					"faces": {
						"north": { "texture": "#plain", "uv": [ 0.0, 0.0, 0.5, 0.5 ] },
						"east": { "texture": "#plain", "uv": [ 0.0, 0.0, 0.5, 0.5 ] },
						"south": { "texture": "#plain", "uv": [ 0.0, 0.0, 0.5, 0.5 ] },
						"west": { "texture": "#plain", "uv": [ 0.0, 0.0, 0.5, 0.5 ] },
						"up": { "texture": "#plain", "uv": [ 0.0, 0.0, 0.5, 0.5 ] },
						"down": { "texture": "#plain", "uv": [ 0.0, 0.0, 0.5, 0.5 ] }
					},
					"children": [
						{
							"name": "Main strap top L",
							"from": [ 5.0, -8.0, 15.0 ],
							"to": [ 9.0, -6.0, 16.0 ],
							"rotationOrigin": [ 5.0, -8.0, 15.0 ],
							"faces": {
								"north": { "texture": "#plain", "uv": [ 0.0, 0.0, 4.0, 2.0 ] },
								"east": { "texture": "#plain", "uv": [ 0.0, 0.0, 1.0, 2.0 ] },
								"south": { "texture": "#plain", "uv": [ 0.0, 0.0, 4.0, 2.0 ] },
								"west": { "texture": "#plain", "uv": [ 0.0, 0.0, 1.0, 2.0 ] },
								"up": { "texture": "#plain", "uv": [ 0.0, 0.0, 4.0, 1.0 ] },
								"down": { "texture": "#plain", "uv": [ 0.0, 0.0, 4.0, 1.0 ] }
							},
							"children": [
								{
									"name": "Strap bulge L",
									"from": [ 0.0, -0.3, -0.5 ],
									"to": [ 4.0, 1.3, 1.5 ],
									"rotationOrigin": [ 0.0, -0.3, -0.5 ],
									"faces": {
										"north": { "texture": "#plain", "uv": [ 0.0, 0.0, 4.0, 1.5 ] },
										"east": { "texture": "#plain", "uv": [ 0.0, 0.0, 2.0, 1.5 ] },
										"south": { "texture": "#plain", "uv": [ 0.0, 0.0, 4.0, 1.5 ] },
										"west": { "texture": "#plain", "uv": [ 0.0, 0.0, 2.0, 1.5 ] },
										"up": { "texture": "#plain", "uv": [ 0.0, 0.0, 4.0, 2.0 ] },
										"down": { "texture": "#plain", "uv": [ 0.0, 0.0, 4.0, 2.0 ] }
									}
								},
								{
									"name": "Ring L",
									"from": [ -0.5, 0.0, 0.0 ],
									"to": [ 4.5, 1.0, 1.0 ],
									"rotationOrigin": [ -0.5, 0.0, 0.5 ],
									"faces": {
										"north": { "texture": "#steel", "uv": [ 0.0, 0.0, 5.0, 1.0 ] },
										"east": { "texture": "#steel", "uv": [ 0.0, 0.0, 1.0, 1.0 ] },
										"south": { "texture": "#steel", "uv": [ 6.0, 7.5, 11.0, 8.5 ] },
										"west": { "texture": "#steel", "uv": [ 0.0, 0.0, 1.0, 1.0 ] },
										"up": { "texture": "#steel", "uv": [ 0.0, 0.0, 5.0, 1.0 ] },
										"down": { "texture": "#steel", "uv": [ 0.0, 0.0, 5.0, 1.0 ] }
									},
									"children": [
										{
											"name": "Ring L1",
											"from": [ 5.0, -4.0, 0.0 ],
											"to": [ 6.0, 0.0, 1.0 ],
											"rotationOrigin": [ 5.0, -4.0, 0.5 ],
											"faces": {
												"north": { "texture": "#steel", "uv": [ 0.0, 0.0, 1.0, 4.0 ] },
												"east": { "texture": "#steel", "uv": [ 0.0, 0.0, 1.0, 4.0 ] },
												"south": { "texture": "#steel", "uv": [ 0.0, 0.0, 1.0, 4.0 ] },
												"west": { "texture": "#steel", "uv": [ 0.0, 0.0, 1.0, 4.0 ] },
												"up": { "texture": "#steel", "uv": [ 0.0, 0.0, 1.0, 1.0 ] },
												"down": { "texture": "#steel", "uv": [ 0.0, 0.0, 1.0, 1.0 ] }
											}
										},
										{
											"name": "Ring L2",
											"from": [ -1.0, -4.0, 0.0 ],
											"to": [ 0.0, 0.0, 1.0 ],
											"rotationOrigin": [ -1.0, -4.0, 0.5 ],
											"faces": {
												"north": { "texture": "#steel", "uv": [ 0.0, 0.0, 1.0, 4.0 ] },
												"east": { "texture": "#steel", "uv": [ 0.0, 0.0, 1.0, 4.0 ] },
												"south": { "texture": "#steel", "uv": [ 0.0, 0.0, 1.0, 4.0 ] },
												"west": { "texture": "#steel", "uv": [ 0.0, 0.0, 1.0, 4.0 ] },
												"up": { "texture": "#steel", "uv": [ 0.0, 0.0, 1.0, 1.0 ] },
												"down": { "texture": "#steel", "uv": [ 0.0, 0.0, 1.0, 1.0 ] }
											}
										},
										{
											"name": "Ring L3",
											"from": [ 0.0, -5.0, 0.0 ],
											"to": [ 5.0, -4.0, 1.0 ],
											"rotationOrigin": [ 0.0, -5.0, 0.5 ],
											"faces": {
												"north": { "texture": "#steel", "uv": [ 0.0, 0.0, 5.0, 1.0 ] },
												"east": { "texture": "#steel", "uv": [ 0.0, 0.0, 1.0, 1.0 ] },
												"south": { "texture": "#steel", "uv": [ 5.5, 7.0, 10.5, 8.0 ] },
												"west": { "texture": "#steel", "uv": [ 0.0, 0.0, 1.0, 1.0 ] },
												"up": { "texture": "#steel", "uv": [ 5.5, 7.5, 10.5, 8.5 ] },
												"down": { "texture": "#steel", "uv": [ 0.0, 0.0, 5.0, 1.0 ] }
											}
										}
									]
								},
								{
									"name": "Main strap bottom L",
									"from": [ 0.0, -21.0, 0.0 ],
									"to": [ 4.0, -4.0, 1.0 ],
									"rotationOrigin": [ 0.0, -21.0, 0.0 ],
									"faces": {
										"north": { "texture": "#plain", "uv": [ 0.0, 0.0, 4.0, 17.0 ] },
										"east": { "texture": "#plain", "uv": [ 0.0, 0.0, 1.0, 16.0 ], "autoUv": false },
										"south": { "texture": "#plain", "uv": [ 0.0, 0.0, 16.0, 4.0 ], "rotation": 90, "autoUv": false },
										"west": { "texture": "#plain", "uv": [ 0.0, 0.0, 1.0, 16.0 ], "autoUv": false },
										"up": { "texture": "#plain", "uv": [ 0.0, 0.0, 4.0, 1.0 ] },
										"down": { "texture": "#plain", "uv": [ 0.0, 0.0, 4.0, 1.0 ] }
									},
									"children": [
										{
											"name": "Mainstrap  bulge  L",
											"from": [ 0.0, 15.7, -0.5 ],
											"to": [ 4.0, 17.3, 1.5 ],
											"rotationOrigin": [ 0.0, 15.7, -0.5 ],
											"faces": {
												"north": { "texture": "#plain", "uv": [ 0.0, 0.0, 4.0, 1.5 ] },
												"east": { "texture": "#plain", "uv": [ 0.0, 0.0, 2.0, 1.5 ] },
												"south": { "texture": "#plain", "uv": [ 0.0, 0.0, 4.0, 1.5 ] },
												"west": { "texture": "#plain", "uv": [ 0.0, 0.0, 2.0, 1.5 ] },
												"up": { "texture": "#plain", "uv": [ 0.0, 0.0, 4.0, 2.0 ] },
												"down": { "texture": "#plain", "uv": [ 0.0, 0.0, 4.0, 2.0 ] }
											}
										},
										{
											"name": "Mainstrap  bulge  L1",
											"from": [ 0.0, -5.0, 0.0 ],
											"to": [ 4.0, 0.0, 1.0 ],
											"rotationOrigin": [ 0.0, 0.0, 1.0 ],
											"rotationX": 42.0,
											"faces": {
												"north": { "texture": "#plain", "uv": [ 0.0, 0.0, 4.0, 5.0 ] },
												"east": { "texture": "#plain", "uv": [ 0.0, 0.0, 1.0, 5.0 ] },
												"south": { "texture": "#plain", "uv": [ 0.0, 0.0, 5.0, 4.0 ], "rotation": 90 },
												"west": { "texture": "#plain", "uv": [ 0.0, 0.0, 1.0, 5.0 ] },
												"up": { "texture": "#plain", "uv": [ 0.0, 0.0, 4.0, 1.0 ] },
												"down": { "texture": "#plain", "uv": [ 0.0, 0.0, 4.0, 1.0 ] }
											},
											"children": [
												{
													"name": "Mainstrap  bulge  L2",
													"from": [ 0.0, -8.34, -3.69 ],
													"to": [ 4.0, 1.66, -2.69 ],
													"rotationOrigin": [ 0.0, -3.3436, -2.6893 ],
													"rotationX": 47.0,
													"faces": {
														"north": { "texture": "#plain", "uv": [ 0.0, 0.0, 4.0, 10.0 ] },
														"east": { "texture": "#plain", "uv": [ 0.0, 0.0, 1.0, 10.0 ] },
														"south": { "texture": "#plain", "uv": [ 0.0, 0.0, 10.0, 4.0 ], "rotation": 90 },
														"west": { "texture": "#plain", "uv": [ 0.0, 0.0, 1.0, 10.0 ] },
														"up": { "texture": "#plain", "uv": [ 0.0, 0.0, 4.0, 1.0 ] },
														"down": { "texture": "#plain", "uv": [ 0.0, 0.0, 4.0, 1.0 ] }
													}
												}
											]
										}
									]
								}
							]
						},
						{
							"name": "Main strap top R",
							"from": [ 5.0, -8.0, -7.1 ],
							"to": [ 9.0, -6.0, -6.1 ],
							"rotationOrigin": [ 5.0, -8.0, 54.9 ],
							"faces": {
								"north": { "texture": "#plain", "uv": [ 0.0, 0.0, 4.0, 2.0 ] },
								"east": { "texture": "#plain", "uv": [ 0.0, 0.0, 1.0, 2.0 ] },
								"south": { "texture": "#plain", "uv": [ 0.0, 0.0, 4.0, 2.0 ] },
								"west": { "texture": "#plain", "uv": [ 0.0, 0.0, 1.0, 2.0 ] },
								"up": { "texture": "#plain", "uv": [ 0.0, 0.0, 4.0, 1.0 ] },
								"down": { "texture": "#plain", "uv": [ 0.0, 0.0, 4.0, 1.0 ] }
							},
							"children": [
								{
									"name": "Strap bulge R",
									"from": [ 0.0, -0.3, -0.5 ],
									"to": [ 4.0, 1.2, 1.5 ],
									"rotationOrigin": [ 0.0, -0.3, -0.5 ],
									"faces": {
										"north": { "texture": "#plain", "uv": [ 0.0, 0.0, 4.0, 1.5 ] },
										"east": { "texture": "#plain", "uv": [ 0.0, 0.0, 2.0, 1.5 ] },
										"south": { "texture": "#plain", "uv": [ 0.0, 0.0, 4.0, 1.5 ] },
										"west": { "texture": "#plain", "uv": [ 0.0, 0.0, 2.0, 1.5 ] },
										"up": { "texture": "#plain", "uv": [ 0.0, 0.0, 4.0, 2.0 ] },
										"down": { "texture": "#plain", "uv": [ 0.0, 0.0, 4.0, 2.0 ] }
									}
								},
								{
									"name": "Ring R",
									"from": [ -0.5, 0.0, -0.3 ],
									"to": [ 4.5, 1.0, 0.7 ],
									"rotationOrigin": [ -0.5, 0.0, 40.2 ],
									"faces": {
										"north": { "texture": "#steel", "uv": [ 5.5, 9.0, 10.5, 10.0 ] },
										"east": { "texture": "#steel", "uv": [ 0.0, 0.0, 1.0, 1.0 ] },
										"south": { "texture": "#steel", "uv": [ 0.0, 0.0, 5.0, 1.0 ] },
										"west": { "texture": "#steel", "uv": [ 0.0, 0.0, 1.0, 1.0 ] },
										"up": { "texture": "#steel", "uv": [ 0.0, 0.0, 5.0, 1.0 ] },
										"down": { "texture": "#steel", "uv": [ 0.0, 0.0, 5.0, 1.0 ] }
									},
									"children": [
										{
											"name": "Ring R1",
											"from": [ 5.0, -4.0, 0.0 ],
											"to": [ 6.0, 0.0, 1.0 ],
											"rotationOrigin": [ 5.0, -4.0, 0.5 ],
											"faces": {
												"north": { "texture": "#steel", "uv": [ 0.0, 0.0, 1.0, 4.0 ] },
												"east": { "texture": "#steel", "uv": [ 0.0, 0.0, 1.0, 4.0 ] },
												"south": { "texture": "#steel", "uv": [ 0.0, 0.0, 1.0, 4.0 ] },
												"west": { "texture": "#steel", "uv": [ 0.0, 0.0, 1.0, 4.0 ] },
												"up": { "texture": "#steel", "uv": [ 0.0, 0.0, 1.0, 1.0 ] },
												"down": { "texture": "#steel", "uv": [ 0.0, 0.0, 1.0, 1.0 ] }
											}
										},
										{
											"name": "Ring R2",
											"from": [ -1.0, -4.0, 0.0 ],
											"to": [ 0.0, 0.0, 1.0 ],
											"rotationOrigin": [ -1.0, -4.0, 0.5 ],
											"faces": {
												"north": { "texture": "#steel", "uv": [ 0.0, 0.0, 1.0, 4.0 ] },
												"east": { "texture": "#steel", "uv": [ 0.0, 0.0, 1.0, 4.0 ] },
												"south": { "texture": "#steel", "uv": [ 0.0, 0.0, 1.0, 4.0 ] },
												"west": { "texture": "#steel", "uv": [ 0.0, 0.0, 1.0, 4.0 ] },
												"up": { "texture": "#steel", "uv": [ 0.0, 0.0, 1.0, 1.0 ] },
												"down": { "texture": "#steel", "uv": [ 0.0, 0.0, 1.0, 1.0 ] }
											}
										},
										{
											"name": "Ring R3",
											"from": [ 0.0, -5.0, 0.0 ],
											"to": [ 5.0, -4.0, 1.0 ],
											"rotationOrigin": [ 0.0, -5.0, 0.5 ],
											"faces": {
												"north": { "texture": "#steel", "uv": [ 5.5, 7.0, 10.5, 8.0 ] },
												"east": { "texture": "#steel", "uv": [ 0.0, 0.0, 1.0, 1.0 ] },
												"south": { "texture": "#steel", "uv": [ 5.0, 6.5, 10.0, 7.5 ] },
												"west": { "texture": "#steel", "uv": [ 0.0, 0.0, 1.0, 1.0 ] },
												"up": { "texture": "#steel", "uv": [ 5.5, 6.0, 10.5, 7.0 ] },
												"down": { "texture": "#steel", "uv": [ 0.0, 0.0, 5.0, 1.0 ] }
											}
										}
									]
								},
								{
									"name": "Main strap bottom L2",
									"from": [ 4.0, -21.0, 1.1 ],
									"to": [ 8.0, -4.0, 2.1 ],
									"rotationOrigin": [ 4.0, -21.0, 1.1 ],
									"rotationX": -180.0,
									"rotationZ": -180.0,
									"faces": {
										"north": { "texture": "#plain", "uv": [ 0.0, 0.0, 4.0, 17.0 ] },
										"east": { "texture": "#plain", "uv": [ 0.0, 0.0, 1.0, 16.0 ], "autoUv": false },
										"south": { "texture": "#plain", "uv": [ 0.0, 0.0, 16.0, 4.0 ], "rotation": 90, "autoUv": false },
										"west": { "texture": "#plain", "uv": [ 0.0, 0.0, 1.0, 16.0 ], "autoUv": false },
										"up": { "texture": "#plain", "uv": [ 0.0, 0.0, 4.0, 1.0 ] },
										"down": { "texture": "#plain", "uv": [ 0.0, 0.0, 4.0, 1.0 ] }
									},
									"children": [
										{
											"name": "Mainstrap  bulge  L3",
											"from": [ 0.0, 15.7, -0.5 ],
											"to": [ 4.0, 17.3, 1.5 ],
											"rotationOrigin": [ 0.0, 15.7, -0.5 ],
											"faces": {
												"north": { "texture": "#plain", "uv": [ 0.0, 0.0, 4.0, 1.5 ] },
												"east": { "texture": "#plain", "uv": [ 0.0, 0.0, 2.0, 1.5 ] },
												"south": { "texture": "#plain", "uv": [ 0.0, 0.0, 4.0, 1.5 ] },
												"west": { "texture": "#plain", "uv": [ 0.0, 0.0, 2.0, 1.5 ] },
												"up": { "texture": "#plain", "uv": [ 0.0, 0.0, 4.0, 2.0 ] },
												"down": { "texture": "#plain", "uv": [ 0.0, 0.0, 4.0, 2.0 ] }
											}
										},
										{
											"name": "Mainstrap  bulge  L4",
											"from": [ 0.0, -5.0, 0.0 ],
											"to": [ 4.0, 0.0, 1.0 ],
											"rotationOrigin": [ 0.0, 0.0, 1.0 ],
											"rotationX": 42.0,
											"faces": {
												"north": { "texture": "#plain", "uv": [ 0.0, 0.0, 4.0, 5.0 ] },
												"east": { "texture": "#plain", "uv": [ 0.0, 0.0, 1.0, 5.0 ] },
												"south": { "texture": "#plain", "uv": [ 0.0, 0.0, 5.0, 4.0 ], "rotation": 90 },
												"west": { "texture": "#plain", "uv": [ 0.0, 0.0, 1.0, 5.0 ] },
												"up": { "texture": "#plain", "uv": [ 0.0, 0.0, 4.0, 1.0 ] },
												"down": { "texture": "#plain", "uv": [ 0.0, 0.0, 4.0, 1.0 ] }
											},
											"children": [
												{
													"name": "Mainstrap  bulge  L5",
													"from": [ 0.0, -8.34, -3.69 ],
													"to": [ 4.0, 1.66, -2.69 ],
													"rotationOrigin": [ 0.0, -3.3436, -2.6893 ],
													"rotationX": 47.0,
													"faces": {
														"north": { "texture": "#plain", "uv": [ 0.0, 0.0, 4.0, 10.0 ] },
														"east": { "texture": "#plain", "uv": [ 0.0, 0.0, 1.0, 10.0 ] },
														"south": { "texture": "#plain", "uv": [ 0.0, 0.0, 10.0, 4.0 ], "rotation": 90 },
														"west": { "texture": "#plain", "uv": [ 0.0, 0.0, 1.0, 10.0 ] },
														"up": { "texture": "#plain", "uv": [ 0.0, 0.0, 4.0, 1.0 ] },
														"down": { "texture": "#plain", "uv": [ 0.0, 0.0, 4.0, 1.0 ] }
													}
												}
											]
										}
									]
								}
							]
						}
					]
				},
				{
					"name": "Leather square center2",
					"from": [ -18.0, 65.0, 2.0 ],
					"to": [ -5.0, 66.0, 11.0 ],
					"rotationOrigin": [ -18.0, 65.0, 2.0 ],
					"faces": {
						"north": { "texture": "#poor", "uv": [ 0.0, 0.0, 13.0, 1.0 ] },
						"east": { "texture": "#poor", "uv": [ 0.0, 0.0, 9.0, 1.0 ] },
						"south": { "texture": "#poor", "uv": [ 0.0, 0.0, 13.0, 1.0 ] },
						"west": { "texture": "#poor", "uv": [ 0.0, 0.0, 9.0, 1.0 ] },
						"up": { "texture": "#poor", "uv": [ 0.0, 0.0, 13.0, 9.0 ] },
						"down": { "texture": "#poor", "uv": [ 0.0, 0.0, 13.0, 9.0 ] }
					},
					"children": [
						{
							"name": "Leather square center L3",
							"from": [ 0.0, 0.0, 9.0 ],
							"to": [ 13.0, 1.0, 14.0 ],
							"rotationOrigin": [ 0.0, 1.0, 9.0 ],
							"rotationX": 17.0,
							"faces": {
								"north": { "texture": "#poor", "uv": [ 0.0, 0.0, 13.0, 1.0 ] },
								"east": { "texture": "#poor", "uv": [ 0.0, 0.0, 5.0, 1.0 ] },
								"south": { "texture": "#poor", "uv": [ 0.0, 0.0, 13.0, 1.0 ] },
								"west": { "texture": "#poor", "uv": [ 0.0, 0.0, 5.0, 1.0 ] },
								"up": { "texture": "#poor", "uv": [ 0.0, 0.0, 13.0, 5.0 ] },
								"down": { "texture": "#poor", "uv": [ 0.0, 0.0, 13.0, 5.0 ] }
							},
							"children": [
								{
									"name": "Leather square center L4",
									"from": [ 0.0, 0.0353, 4.9039 ],
									"to": [ 13.0, 1.0353, 9.9039 ],
									"rotationOrigin": [ 0.0, 1.0353, 4.9039 ],
									"rotationX": 47.0,
									"faces": {
										"north": { "texture": "#poor", "uv": [ 0.0, 0.0, 13.0, 1.0 ] },
										"east": { "texture": "#poor", "uv": [ 0.0, 0.0, 5.0, 1.0 ] },
										"south": { "texture": "#poor", "uv": [ 0.0, 0.0, 13.0, 1.0 ] },
										"west": { "texture": "#poor", "uv": [ 0.0, 0.0, 5.0, 1.0 ] },
										"up": { "texture": "#poor", "uv": [ 0.0, 0.0, 13.0, 5.0 ] },
										"down": { "texture": "#poor", "uv": [ 0.0, 0.0, 13.0, 5.0 ] }
									},
									"children": [
										{
											"name": "Leather square center L5",
											"from": [ 0.5, 0.0047, 5.009 ],
											"to": [ 12.5, 1.0047, 6.009 ],
											"rotationOrigin": [ 0.5, 1.0047, 5.009 ],
											"rotationX": 26.0,
											"faces": {
												"north": { "texture": "#poor", "uv": [ 0.0, 0.0, 12.0, 1.0 ] },
												"east": { "texture": "#poor", "uv": [ 0.0, 0.0, 1.0, 1.0 ] },
												"south": { "texture": "#poor", "uv": [ 0.0, 0.0, 12.0, 1.0 ] },
												"west": { "texture": "#poor", "uv": [ 0.0, 0.0, 1.0, 1.0 ] },
												"up": { "texture": "#poor", "uv": [ 0.0, 0.0, 12.0, 1.0 ] },
												"down": { "texture": "#poor", "uv": [ 0.0, 0.0, 12.0, 1.0 ] }
											}
										}
									]
								}
							]
						},
						{
							"name": "Leather square center L6",
							"from": [ 0.0, 0.0, -5.0 ],
							"to": [ 13.0, 1.0, 0.0 ],
							"rotationOrigin": [ 0.0, 1.0, 0.0 ],
							"rotationX": -17.0,
							"faces": {
								"north": { "texture": "#poor", "uv": [ 0.0, 0.0, 13.0, 1.0 ] },
								"east": { "texture": "#poor", "uv": [ 0.0, 0.0, 5.0, 1.0 ] },
								"south": { "texture": "#poor", "uv": [ 0.0, 0.0, 13.0, 1.0 ] },
								"west": { "texture": "#poor", "uv": [ 0.0, 0.0, 5.0, 1.0 ] },
								"up": { "texture": "#poor", "uv": [ 0.0, 0.0, 13.0, 5.0 ] },
								"down": { "texture": "#poor", "uv": [ 0.0, 0.0, 13.0, 5.0 ] }
							},
							"children": [
								{
									"name": "Leather square center L7",
									"from": [ 0.0, 0.0353, -5.1 ],
									"to": [ 13.0, 1.0353, -0.1 ],
									"rotationOrigin": [ 0.0, 1.0353, -0.1 ],
									"rotationX": -47.0,
									"faces": {
										"north": { "texture": "#poor", "uv": [ 0.0, 0.0, 13.0, 1.0 ] },
										"east": { "texture": "#poor", "uv": [ 0.0, 0.0, 5.0, 1.0 ] },
										"south": { "texture": "#poor", "uv": [ 0.0, 0.0, 13.0, 1.0 ] },
										"west": { "texture": "#poor", "uv": [ 0.0, 0.0, 5.0, 1.0 ] },
										"up": { "texture": "#poor", "uv": [ 0.0, 0.0, 13.0, 5.0 ] },
										"down": { "texture": "#poor", "uv": [ 0.0, 0.0, 13.0, 5.0 ] }
									},
									"children": [
										{
											"name": "Leather square center L8",
											"from": [ 0.5, 0.0, -0.99 ],
											"to": [ 12.5, 1.0, 0.01 ],
											"rotationOrigin": [ 0.5, 1.0047, 0.01 ],
											"rotationX": -26.0,
											"faces": {
												"north": { "texture": "#poor", "uv": [ 0.0, 0.0, 12.0, 1.0 ] },
												"east": { "texture": "#poor", "uv": [ 0.0, 0.0, 1.0, 1.0 ] },
												"south": { "texture": "#poor", "uv": [ 0.0, 0.0, 12.0, 1.0 ] },
												"west": { "texture": "#poor", "uv": [ 0.0, 0.0, 1.0, 1.0 ] },
												"up": { "texture": "#poor", "uv": [ 0.0, 0.0, 12.0, 1.0 ] },
												"down": { "texture": "#poor", "uv": [ 0.0, 0.0, 12.0, 1.0 ] }
											}
										}
									]
								}
							]
						}
					]
				},
				{
					"name": "Main Saddle bottom",
					"from": [ -17.0, 65.0, 3.0 ],
					"to": [ -6.0, 67.0, 11.0 ],
					"rotationOrigin": [ -17.0, 65.0, 3.0 ],
					"faces": {
						"north": { "texture": "#plain", "uv": [ 0.0, 0.0, 11.0, 2.0 ] },
						"east": { "texture": "#plain", "uv": [ 0.0, 0.0, 8.0, 2.0 ] },
						"south": { "texture": "#plain", "uv": [ 0.0, 0.0, 11.0, 2.0 ] },
						"west": { "texture": "#plain", "uv": [ 0.0, 0.0, 8.0, 2.0 ] },
						"up": { "texture": "#plain", "uv": [ 0.0, 0.0, 11.0, 8.0 ] },
						"down": { "texture": "#plain", "uv": [ 0.0, 0.0, 11.0, 8.0 ] }
					},
					"children": [
						{
							"name": "Saddle Front Out",
							"from": [ -2.0, 1.0, 1.0 ],
							"to": [ -0.5, 8.0, 7.0 ],
							"rotationOrigin": [ -2.0, 1.0, 1.0 ],
							"rotationZ": 11.0,
							"faces": {
								"north": { "texture": "#plain", "uv": [ 0.0, 0.0, 1.5, 7.0 ] },
								"east": { "texture": "#plain", "uv": [ 0.0, 0.0, 6.0, 7.0 ] },
								"south": { "texture": "#plain", "uv": [ 0.0, 0.0, 1.5, 7.0 ] },
								"west": { "texture": "#plain", "uv": [ 0.0, 0.0, 16.0, 16.0 ], "rotation": 90, "autoUv": false },
								"up": { "texture": "#plain", "uv": [ 0.0, 0.0, 1.5, 6.0 ] },
								"down": { "texture": "#plain", "uv": [ 0.0, 0.0, 1.5, 6.0 ] }
							},
							"children": [
								{
									"name": "Saddle Front In",
									"from": [ 1.0, 0.0, -2.0 ],
									"to": [ 2.5, 5.0, 8.0 ],
									"rotationOrigin": [ 1.0, 0.0, -2.0 ],
									"rotationZ": 8.0,
									"faces": {
										"north": { "texture": "#plain", "uv": [ 0.0, 0.0, 1.5, 5.0 ] },
										"east": { "texture": "#plain", "uv": [ 0.0, 0.0, 5.0, 10.0 ] },
										"south": { "texture": "#plain", "uv": [ 0.0, 0.0, 1.5, 5.0 ] },
										"west": { "texture": "#plain", "uv": [ 0.0, 0.0, 10.0, 5.0 ] },
										"up": { "texture": "#plain", "uv": [ 0.0, 0.0, 1.5, 10.0 ] },
										"down": { "texture": "#plain", "uv": [ 0.0, 0.0, 1.5, 10.0 ] }
									}
								},
								{
									"name": "Saddle Front In2",
									"from": [ 0.0, -1.0, -3.0 ],
									"to": [ 2.0, 0.0, 9.0 ],
									"rotationOrigin": [ 0.0, -1.0, -3.0 ],
									"rotationZ": -8.0,
									"faces": {
										"north": { "texture": "#black", "uv": [ 0.0, 0.0, 2.0, 1.0 ] },
										"east": { "texture": "#black", "uv": [ 0.0, 0.0, 12.0, 1.0 ] },
										"south": { "texture": "#black", "uv": [ 0.0, 0.0, 2.0, 1.0 ] },
										"west": { "texture": "#black", "uv": [ 0.0, 0.0, 12.0, 1.0 ] },
										"up": { "texture": "#black", "uv": [ 0.0, 0.0, 2.0, 12.0 ] },
										"down": { "texture": "#black", "uv": [ 0.0, 0.0, 2.0, 12.0 ] }
									}
								},
								{
									"name": "Saddle Front In3",
									"from": [ 12.0, -3.0, -3.0 ],
									"to": [ 14.0, -2.0, 9.0 ],
									"rotationOrigin": [ 12.0, -3.0, -2.0 ],
									"rotationZ": -8.0,
									"faces": {
										"north": { "texture": "#black", "uv": [ 0.0, 0.0, 2.0, 1.0 ] },
										"east": { "texture": "#black", "uv": [ 0.0, 0.0, 12.0, 1.0 ] },
										"south": { "texture": "#black", "uv": [ 0.0, 0.0, 2.0, 1.0 ] },
										"west": { "texture": "#black", "uv": [ 0.0, 0.0, 12.0, 1.0 ] },
										"up": { "texture": "#black", "uv": [ 0.0, 0.0, 2.0, 12.0 ] },
										"down": { "texture": "#black", "uv": [ 0.0, 0.0, 2.0, 12.0 ] }
									}
								}
							]
						},
						{
							"name": "Saddle Back In",
							"from": [ 9.0, 1.0, -0.5 ],
							"to": [ 10.5, 6.0, 8.5 ],
							"rotationOrigin": [ 9.0, 1.0, -0.5 ],
							"faces": {
								"north": { "texture": "#plain", "uv": [ 0.0, 0.0, 1.5, 5.0 ] },
								"east": { "texture": "#plain", "uv": [ 0.0, 0.0, 9.0, 5.0 ] },
								"south": { "texture": "#plain", "uv": [ 0.0, 0.0, 1.5, 5.0 ] },
								"west": { "texture": "#plain", "uv": [ 0.0, 0.0, 9.0, 5.0 ] },
								"up": { "texture": "#plain", "uv": [ 0.0, 0.0, 1.5, 9.0 ] },
								"down": { "texture": "#plain", "uv": [ 0.0, 0.0, 1.5, 9.0 ] }
							},
							"children": [
								{
									"name": "Saddle Back Out",
									"from": [ 1.0, 0.0, 0.7 ],
									"to": [ 2.5, 10.0, 8.7 ],
									"rotationOrigin": [ 1.0, 0.0, 0.7 ],
									"faces": {
										"north": { "texture": "#plain", "uv": [ 0.0, 0.0, 1.5, 10.0 ] },
										"east": { "texture": "#plain", "uv": [ 0.0, 0.0, 8.0, 10.0 ] },
										"south": { "texture": "#plain", "uv": [ 0.0, 0.0, 1.5, 10.0 ] },
										"west": { "texture": "#plain", "uv": [ 0.0, 0.0, 8.0, 10.0 ] },
										"up": { "texture": "#plain", "uv": [ 0.0, 0.0, 1.5, 8.0 ] },
										"down": { "texture": "#plain", "uv": [ 0.0, 0.0, 1.5, 8.0 ] }
									}
								}
							]
						},
						{
							"name": "Saddle Back In2",
							"from": [ 9.0, 1.0, -3.5 ],
							"to": [ 10.0, 5.0, 0.5 ],
							"rotationOrigin": [ 9.0, 1.0, 0.5 ],
							"rotationY": 55.0,
							"faces": {
								"north": { "texture": "#plain", "uv": [ 0.0, 0.0, 1.0, 4.0 ] },
								"east": { "texture": "#plain", "uv": [ 0.0, 0.0, 4.0, 4.0 ] },
								"south": { "texture": "#plain", "uv": [ 0.0, 0.0, 1.0, 4.0 ] },
								"west": { "texture": "#plain", "uv": [ 0.0, 0.0, 4.0, 4.0 ] },
								"up": { "texture": "#plain", "uv": [ 0.0, 0.0, 1.0, 4.0 ] },
								"down": { "texture": "#plain", "uv": [ 0.0, 0.0, 1.0, 4.0 ] }
							}
						},
						{
							"name": "Saddle Back In3",
							"from": [ 8.0, 1.0, 3.5 ],
							"to": [ 9.0, 5.0, 7.5 ],
							"rotationOrigin": [ 9.0, 1.0, 7.5 ],
							"rotationY": 130.0,
							"faces": {
								"north": { "texture": "#plain", "uv": [ 0.0, 0.0, 1.0, 4.0 ] },
								"east": { "texture": "#plain", "uv": [ 0.0, 0.0, 4.0, 4.0 ] },
								"south": { "texture": "#plain", "uv": [ 0.0, 0.0, 1.0, 4.0 ] },
								"west": { "texture": "#plain", "uv": [ 0.0, 0.0, 4.0, 4.0 ] },
								"up": { "texture": "#plain", "uv": [ 0.0, 0.0, 1.0, 4.0 ] },
								"down": { "texture": "#plain", "uv": [ 0.0, 0.0, 1.0, 4.0 ] }
							}
						}
					]
				},
				{
					"name": "Leather square center",
					"from": [ -19.0, 64.0, 2.0 ],
					"to": [ -4.0, 65.0, 11.0 ],
					"rotationOrigin": [ -19.0, 64.0, 2.0 ],
					"faces": {
						"north": { "texture": "#plain", "uv": [ 0.0, 0.0, 15.0, 1.0 ] },
						"east": { "texture": "#plain", "uv": [ 0.0, 0.0, 9.0, 1.0 ] },
						"south": { "texture": "#plain", "uv": [ 0.0, 0.0, 15.0, 1.0 ] },
						"west": { "texture": "#plain", "uv": [ 0.0, 0.0, 9.0, 1.0 ] },
						"up": { "texture": "#plain", "uv": [ 0.0, 0.0, 15.0, 9.0 ] },
						"down": { "texture": "#plain", "uv": [ 0.0, 0.0, 15.0, 9.0 ] }
					},
					"children": [
						{
							"name": "Leather square center L",
							"from": [ 0.0, 0.0, 9.0 ],
							"to": [ 15.0, 1.0, 14.0 ],
							"rotationOrigin": [ 0.0, 1.0, 9.0 ],
							"rotationX": 17.0,
							"faces": {
								"north": { "texture": "#plain", "uv": [ 0.0, 0.0, 15.0, 1.0 ] },
								"east": { "texture": "#plain", "uv": [ 0.0, 0.0, 5.0, 1.0 ] },
								"south": { "texture": "#plain", "uv": [ 0.0, 0.0, 15.0, 1.0 ] },
								"west": { "texture": "#plain", "uv": [ 0.0, 0.0, 5.0, 1.0 ] },
								"up": { "texture": "#plain", "uv": [ 0.0, 0.0, 15.0, 5.0 ] },
								"down": { "texture": "#plain", "uv": [ 0.0, 0.0, 15.0, 5.0 ] }
							},
							"children": [
								{
									"name": "Leather square center L1",
									"from": [ 0.0, 0.0353, 4.9039 ],
									"to": [ 15.0, 1.0353, 9.9039 ],
									"rotationOrigin": [ 0.0, 1.0353, 4.9039 ],
									"rotationX": 47.0,
									"faces": {
										"north": { "texture": "#plain", "uv": [ 0.0, 0.0, 15.0, 1.0 ] },
										"east": { "texture": "#plain", "uv": [ 0.0, 0.0, 5.0, 1.0 ] },
										"south": { "texture": "#plain", "uv": [ 0.0, 0.0, 15.0, 1.0 ] },
										"west": { "texture": "#plain", "uv": [ 0.0, 0.0, 5.0, 1.0 ] },
										"up": { "texture": "#plain", "uv": [ 0.0, 0.0, 15.0, 5.0 ] },
										"down": { "texture": "#plain", "uv": [ 0.0, 0.0, 15.0, 5.0 ] }
									},
									"children": [
										{
											"name": "Leather square center L2",
											"from": [ 0.5, 0.0047, 5.009 ],
											"to": [ 14.5, 1.0047, 6.009 ],
											"rotationOrigin": [ 0.5, 1.0047, 5.009 ],
											"rotationX": 26.0,
											"faces": {
												"north": { "texture": "#plain", "uv": [ 0.0, 0.0, 14.0, 1.0 ] },
												"east": { "texture": "#plain", "uv": [ 0.0, 0.0, 1.0, 1.0 ] },
												"south": { "texture": "#plain", "uv": [ 0.0, 0.0, 14.0, 1.0 ] },
												"west": { "texture": "#plain", "uv": [ 0.0, 0.0, 1.0, 1.0 ] },
												"up": { "texture": "#plain", "uv": [ 0.0, 0.0, 14.0, 1.0 ] },
												"down": { "texture": "#plain", "uv": [ 0.0, 0.0, 14.0, 1.0 ] }
											}
										}
									]
								}
							]
						},
						{
							"name": "Leather square center L9",
							"from": [ 0.0, 0.0, -5.0 ],
							"to": [ 15.0, 1.0, 0.0 ],
							"rotationOrigin": [ 0.0, 1.0, 0.0 ],
							"rotationX": -17.0,
							"faces": {
								"north": { "texture": "#plain", "uv": [ 0.0, 0.0, 15.0, 1.0 ] },
								"east": { "texture": "#plain", "uv": [ 0.0, 0.0, 5.0, 1.0 ] },
								"south": { "texture": "#plain", "uv": [ 0.0, 0.0, 15.0, 1.0 ] },
								"west": { "texture": "#plain", "uv": [ 0.0, 0.0, 5.0, 1.0 ] },
								"up": { "texture": "#plain", "uv": [ 0.0, 0.0, 15.0, 5.0 ] },
								"down": { "texture": "#plain", "uv": [ 0.0, 0.0, 15.0, 5.0 ] }
							},
							"children": [
								{
									"name": "Leather square center L10",
									"from": [ 0.0, 0.0353, -5.1 ],
									"to": [ 15.0, 1.0353, -0.1 ],
									"rotationOrigin": [ 0.0, 1.0353, -0.1 ],
									"rotationX": -47.0,
									"faces": {
										"north": { "texture": "#plain", "uv": [ 0.0, 0.0, 15.0, 1.0 ] },
										"east": { "texture": "#plain", "uv": [ 0.0, 0.0, 5.0, 1.0 ] },
										"south": { "texture": "#plain", "uv": [ 0.0, 0.0, 15.0, 1.0 ] },
										"west": { "texture": "#plain", "uv": [ 0.0, 0.0, 5.0, 1.0 ] },
										"up": { "texture": "#plain", "uv": [ 0.0, 0.0, 15.0, 5.0 ] },
										"down": { "texture": "#plain", "uv": [ 0.0, 0.0, 15.0, 5.0 ] }
									},
									"children": [
										{
											"name": "Leather square center L11",
											"from": [ 0.5, 0.0047, -0.99 ],
											"to": [ 14.5, 1.0047, 0.01 ],
											"rotationOrigin": [ 0.5, 1.0047, 0.01 ],
											"rotationX": -26.0,
											"faces": {
												"north": { "texture": "#plain", "uv": [ 0.0, 0.0, 14.0, 1.0 ] },
												"east": { "texture": "#plain", "uv": [ 0.0, 0.0, 1.0, 1.0 ] },
												"south": { "texture": "#plain", "uv": [ 0.0, 0.0, 14.0, 1.0 ] },
												"west": { "texture": "#plain", "uv": [ 0.0, 0.0, 1.0, 1.0 ] },
												"up": { "texture": "#plain", "uv": [ 0.0, 0.0, 14.0, 1.0 ] },
												"down": { "texture": "#plain", "uv": [ 0.0, 0.0, 14.0, 1.0 ] }
											}
										}
									]
								}
							]
						}
					]
				}
			]
		}
	]}